set foreign_key_checks=0;

INSERT INTO social (id, name) VALUES
   ('5a32b1b3-9e91-4354-9bb9-ce2f7f84beb6', 'Twitter'),
   ('f6e264e3-d1fd-49eb-b0b1-d032b648749f', 'Facebook'),
   ('c85cdab6-d449-49eb-96e8-206854e86925', 'Instagram'),
   ('56445d2a-c493-4e0a-9bdc-571b9960d54f', 'TikTok'),
   ('16c3633d-0481-4be6-815d-0ee2d641339f', 'Youtube'),
   ('49631bb2-bcd4-4de7-8c42-bdc8eda69170', 'Snapchat');

--staff social
INSERT INTO social_staff(id, url, entity_id, social_id) VALUES
('5a2ed555-a113-4fe0-9c72-9d6ec62b5369','https://twitter.com/','0e256ef2-ae62-42de-8a5a-ecd4cbce47e1','5a32b1b3-9e91-4354-9bb9-ce2f7f84beb6'),
('704570ac-9bf2-4e15-bf87-39dc4b22e3a9','https://www.facebook.com/home.php','0e256ef2-ae62-42de-8a5a-ecd4cbce47e1','f6e264e3-d1fd-49eb-b0b1-d032b648749f'),
('3b4b1d3f-58c7-44e6-b115-a4fdbe2ac912','https://www.instagram.com/','0e256ef2-ae62-42de-8a5a-ecd4cbce47e1','c85cdab6-d449-49eb-96e8-206854e86925'),
('0ed5e136-0f3c-468e-b77a-c1b91e18969d','https://www.tiktok.com/','0e256ef2-ae62-42de-8a5a-ecd4cbce47e1','56445d2a-c493-4e0a-9bdc-571b9960d54f'),
('3a47b91f-8186-4f83-b3c7-5c167963cd37','https://www.youtube.com/','0e256ef2-ae62-42de-8a5a-ecd4cbce47e1','16c3633d-0481-4be6-815d-0ee2d641339f'),
('579ad887-0b2f-4fae-9230-72cc6ac90232','https://www.snapchat.com/','0e256ef2-ae62-42de-8a5a-ecd4cbce47e1','49631bb2-bcd4-4de7-8c42-bdc8eda69170'),
('66e693dc-5ef6-4edb-8a5f-91dfe2edf149','https://twitter.com/','1264f2b0-8eeb-4655-bb1a-16e8a929c8fc','5a32b1b3-9e91-4354-9bb9-ce2f7f84beb6'),
('2c6dd727-418b-4ceb-913e-15d5d073007c','https://www.facebook.com/home.php','1264f2b0-8eeb-4655-bb1a-16e8a929c8fc','f6e264e3-d1fd-49eb-b0b1-d032b648749f'),
('d6997095-ab99-4e37-bd5f-5823790fbf2e','https://www.instagram.com/','1264f2b0-8eeb-4655-bb1a-16e8a929c8fc','c85cdab6-d449-49eb-96e8-206854e86925'),
('3f09cfdd-52a9-4f83-8443-0aba466d175d','https://www.tiktok.com/','1264f2b0-8eeb-4655-bb1a-16e8a929c8fc','56445d2a-c493-4e0a-9bdc-571b9960d54f'),
('404463cf-949d-49a3-b7fe-07e3e44e2c01','https://www.youtube.com/','1264f2b0-8eeb-4655-bb1a-16e8a929c8fc','16c3633d-0481-4be6-815d-0ee2d641339f'),
('9b77cefd-3f29-43d3-a08a-d4fccabeb9bb','https://www.snapchat.com/','1264f2b0-8eeb-4655-bb1a-16e8a929c8fc','49631bb2-bcd4-4de7-8c42-bdc8eda69170'),
('91faeed8-c46f-4718-8900-b301faa1a489','https://twitter.com/','145f02e9-8b0f-4d64-bff2-6fbbf76808b1','5a32b1b3-9e91-4354-9bb9-ce2f7f84beb6'),
('03ad7721-fdf9-4df4-9fda-313fd3cd73b5','https://www.facebook.com/home.php','145f02e9-8b0f-4d64-bff2-6fbbf76808b1','f6e264e3-d1fd-49eb-b0b1-d032b648749f'),
('c7c872ba-bb1b-423f-98d2-d12b32cb1114','https://www.instagram.com/','145f02e9-8b0f-4d64-bff2-6fbbf76808b1','c85cdab6-d449-49eb-96e8-206854e86925'),
('c9432676-96fd-4971-aa4e-a2020038141f','https://www.tiktok.com/','145f02e9-8b0f-4d64-bff2-6fbbf76808b1','56445d2a-c493-4e0a-9bdc-571b9960d54f'),
('b976ef46-4078-4554-8950-38dac99f6762','https://www.youtube.com/','145f02e9-8b0f-4d64-bff2-6fbbf76808b1','16c3633d-0481-4be6-815d-0ee2d641339f'),
('a7cafac1-eb29-4033-a9c2-c86c160f070f','https://www.snapchat.com/','145f02e9-8b0f-4d64-bff2-6fbbf76808b1','49631bb2-bcd4-4de7-8c42-bdc8eda69170'),
('7d648e18-89ac-4640-ae72-c2a040a0f957','https://twitter.com/','18f6c788-21d9-4e9b-a537-2c0a476b6844','5a32b1b3-9e91-4354-9bb9-ce2f7f84beb6'),
('990e61ba-672f-47be-8fcc-7216a9d0b640','https://www.facebook.com/home.php','18f6c788-21d9-4e9b-a537-2c0a476b6844','f6e264e3-d1fd-49eb-b0b1-d032b648749f'),
('6929ee95-5c81-491b-81cf-9f704928b59e','https://www.instagram.com/','18f6c788-21d9-4e9b-a537-2c0a476b6844','c85cdab6-d449-49eb-96e8-206854e86925'),
('ce767362-acc2-438f-8c67-16f8b70b6edb','https://www.tiktok.com/','18f6c788-21d9-4e9b-a537-2c0a476b6844','56445d2a-c493-4e0a-9bdc-571b9960d54f'),
('2b5352d4-bb87-45c0-ade8-145c01d09ddf','https://www.youtube.com/','18f6c788-21d9-4e9b-a537-2c0a476b6844','16c3633d-0481-4be6-815d-0ee2d641339f'),
('1c124af7-2bd9-4b2e-b387-faef30af560c','https://www.snapchat.com/','18f6c788-21d9-4e9b-a537-2c0a476b6844','49631bb2-bcd4-4de7-8c42-bdc8eda69170'),
('ffe3abbc-54af-4d4c-9393-f2ddd1592764','https://twitter.com/','1c1c16a3-1e4e-4ec4-9272-07ce83d7ccbb','5a32b1b3-9e91-4354-9bb9-ce2f7f84beb6'),
('7548b804-3c2c-4002-ab4e-3f73c5c81f9b','https://www.facebook.com/home.php','1c1c16a3-1e4e-4ec4-9272-07ce83d7ccbb','f6e264e3-d1fd-49eb-b0b1-d032b648749f'),
('aee80fa4-9dc3-4670-b857-9d31380c5518','https://www.instagram.com/','1c1c16a3-1e4e-4ec4-9272-07ce83d7ccbb','c85cdab6-d449-49eb-96e8-206854e86925'),
('e2c8426b-7d7e-4872-9f22-ab8ac5aaf7b2','https://www.tiktok.com/','1c1c16a3-1e4e-4ec4-9272-07ce83d7ccbb','56445d2a-c493-4e0a-9bdc-571b9960d54f'),
('2bb061fd-c988-4171-9611-9af6cdd527fa','https://www.youtube.com/','1c1c16a3-1e4e-4ec4-9272-07ce83d7ccbb','16c3633d-0481-4be6-815d-0ee2d641339f'),
('92ce4d08-0bfb-4df4-af96-b4f675e7e800','https://www.snapchat.com/','1c1c16a3-1e4e-4ec4-9272-07ce83d7ccbb','49631bb2-bcd4-4de7-8c42-bdc8eda69170'),
('15bfea67-1041-42b5-af19-bfa3cad43b5d','https://twitter.com/','1f135177-15af-42d2-8e0d-d1baac2b8d62','5a32b1b3-9e91-4354-9bb9-ce2f7f84beb6'),
('90884e05-aff0-4f9b-9c13-9d89a66bbc53','https://www.facebook.com/home.php','1f135177-15af-42d2-8e0d-d1baac2b8d62','f6e264e3-d1fd-49eb-b0b1-d032b648749f'),
('636c9e84-134a-4973-96ac-33d805e20cca','https://www.instagram.com/','1f135177-15af-42d2-8e0d-d1baac2b8d62','c85cdab6-d449-49eb-96e8-206854e86925'),
('80c4367f-5ba3-4e0f-8cbb-08f2d19557f3','https://www.tiktok.com/','1f135177-15af-42d2-8e0d-d1baac2b8d62','56445d2a-c493-4e0a-9bdc-571b9960d54f'),
('776f0896-7ccb-4894-b39c-0aecc743efff','https://www.youtube.com/','1f135177-15af-42d2-8e0d-d1baac2b8d62','16c3633d-0481-4be6-815d-0ee2d641339f'),
('6d6931fb-9989-4c03-b2ca-f384efb0ea6f','https://www.snapchat.com/','1f135177-15af-42d2-8e0d-d1baac2b8d62','49631bb2-bcd4-4de7-8c42-bdc8eda69170'),
('ba465468-c67c-40f7-874b-013539e0514c','https://twitter.com/','21df8f87-2c5b-4df9-8d63-0a062ad0d2c3','5a32b1b3-9e91-4354-9bb9-ce2f7f84beb6'),
('18db3536-0a12-404a-8570-f3313a53eb2f','https://www.facebook.com/home.php','21df8f87-2c5b-4df9-8d63-0a062ad0d2c3','f6e264e3-d1fd-49eb-b0b1-d032b648749f'),
('5057e79c-6dc3-465c-9707-6250b3738830','https://www.instagram.com/','21df8f87-2c5b-4df9-8d63-0a062ad0d2c3','c85cdab6-d449-49eb-96e8-206854e86925'),
('d824eb12-6803-4843-9c0b-cf502d7f0524','https://www.tiktok.com/','21df8f87-2c5b-4df9-8d63-0a062ad0d2c3','56445d2a-c493-4e0a-9bdc-571b9960d54f'),
('f5b238c3-1230-4af7-817b-699553248ba0','https://www.youtube.com/','21df8f87-2c5b-4df9-8d63-0a062ad0d2c3','16c3633d-0481-4be6-815d-0ee2d641339f'),
('b7ef22d7-792e-4995-a266-5497de3f26cf','https://www.snapchat.com/','21df8f87-2c5b-4df9-8d63-0a062ad0d2c3','49631bb2-bcd4-4de7-8c42-bdc8eda69170'),
('b52f3261-d9df-4af5-9ad3-3cccbf00d5da','https://twitter.com/','28db43fb-b02d-4e14-af19-d7af15f8fb44','5a32b1b3-9e91-4354-9bb9-ce2f7f84beb6'),
('675e08af-5ea1-4561-b69b-94a97e132af0','https://www.facebook.com/home.php','28db43fb-b02d-4e14-af19-d7af15f8fb44','f6e264e3-d1fd-49eb-b0b1-d032b648749f'),
('1dab63b5-331a-4f10-bf93-8a17f8290129','https://www.instagram.com/','28db43fb-b02d-4e14-af19-d7af15f8fb44','c85cdab6-d449-49eb-96e8-206854e86925'),
('92607efd-05d1-4cb8-aedb-9a51b4390a3d','https://www.tiktok.com/','28db43fb-b02d-4e14-af19-d7af15f8fb44','56445d2a-c493-4e0a-9bdc-571b9960d54f'),
('69da84e5-9859-480f-9034-dfffbbdef118','https://www.youtube.com/','28db43fb-b02d-4e14-af19-d7af15f8fb44','16c3633d-0481-4be6-815d-0ee2d641339f'),
('f74a505f-69ce-4827-be39-b80c85c04df6','https://www.snapchat.com/','28db43fb-b02d-4e14-af19-d7af15f8fb44','49631bb2-bcd4-4de7-8c42-bdc8eda69170'),
('af2baa89-84d0-4509-bb7b-345201fbfa10','https://twitter.com/','2e534c71-bff3-4a43-8d1b-0ac872c0a3d6','5a32b1b3-9e91-4354-9bb9-ce2f7f84beb6'),
('e8b6d6d2-1125-4d31-89b3-926f6b96b811','https://www.facebook.com/home.php','2e534c71-bff3-4a43-8d1b-0ac872c0a3d6','f6e264e3-d1fd-49eb-b0b1-d032b648749f'),
('8bf5b8a1-8baa-4aaa-bd77-4ab7b1364763','https://www.instagram.com/','2e534c71-bff3-4a43-8d1b-0ac872c0a3d6','c85cdab6-d449-49eb-96e8-206854e86925'),
('5a52c392-7984-459f-9bea-a67b005cd4bf','https://www.tiktok.com/','2e534c71-bff3-4a43-8d1b-0ac872c0a3d6','56445d2a-c493-4e0a-9bdc-571b9960d54f'),
('727ce331-5ab7-49d8-831b-3ba8f28ccd58','https://www.youtube.com/','2e534c71-bff3-4a43-8d1b-0ac872c0a3d6','16c3633d-0481-4be6-815d-0ee2d641339f'),
('55d50f55-571b-4b22-ae3e-3aa2492be1da','https://www.snapchat.com/','2e534c71-bff3-4a43-8d1b-0ac872c0a3d6','49631bb2-bcd4-4de7-8c42-bdc8eda69170'),
('702cf862-3431-444f-9fdd-ecd1fd0d0035','https://twitter.com/','2f9a79a5-3b3c-4d1c-b557-09ed6ccf963f','5a32b1b3-9e91-4354-9bb9-ce2f7f84beb6'),
('c2aeb62f-b052-4a6e-a16b-094964444089','https://www.facebook.com/home.php','2f9a79a5-3b3c-4d1c-b557-09ed6ccf963f','f6e264e3-d1fd-49eb-b0b1-d032b648749f'),
('2c6bffd9-7ec9-490b-b17d-8e49c6363158','https://www.instagram.com/','2f9a79a5-3b3c-4d1c-b557-09ed6ccf963f','c85cdab6-d449-49eb-96e8-206854e86925'),
('be13b469-ab4a-4ae4-9478-52ef52e62608','https://www.tiktok.com/','2f9a79a5-3b3c-4d1c-b557-09ed6ccf963f','56445d2a-c493-4e0a-9bdc-571b9960d54f'),
('1addfd32-00e0-4891-a1e3-d296cc154736','https://www.youtube.com/','2f9a79a5-3b3c-4d1c-b557-09ed6ccf963f','16c3633d-0481-4be6-815d-0ee2d641339f'),
('569d8df5-44d4-48b6-a093-d73fb1afca8e','https://www.snapchat.com/','2f9a79a5-3b3c-4d1c-b557-09ed6ccf963f','49631bb2-bcd4-4de7-8c42-bdc8eda69170'),
('597fda02-c25a-45db-9d83-76ca2d559918','https://twitter.com/','3a37a2e9-f72c-421b-9d90-3708d0abdcdb','5a32b1b3-9e91-4354-9bb9-ce2f7f84beb6'),
('db36c816-6363-4671-bed7-15b11527b38b','https://www.facebook.com/home.php','3a37a2e9-f72c-421b-9d90-3708d0abdcdb','f6e264e3-d1fd-49eb-b0b1-d032b648749f'),
('73c37ed9-23d2-40e5-a0fa-82c2a83d55c9','https://www.instagram.com/','3a37a2e9-f72c-421b-9d90-3708d0abdcdb','c85cdab6-d449-49eb-96e8-206854e86925'),
('3e385791-ff29-4c20-9fe6-45a60d8a3dcc','https://www.tiktok.com/','3a37a2e9-f72c-421b-9d90-3708d0abdcdb','56445d2a-c493-4e0a-9bdc-571b9960d54f'),
('c452a6e5-2fcd-4807-9c6a-57930b4dd41d','https://www.youtube.com/','3a37a2e9-f72c-421b-9d90-3708d0abdcdb','16c3633d-0481-4be6-815d-0ee2d641339f'),
('246eaabc-76ac-40ff-9ba7-8edc6fe119ab','https://www.snapchat.com/','3a37a2e9-f72c-421b-9d90-3708d0abdcdb','49631bb2-bcd4-4de7-8c42-bdc8eda69170'),
('4d2efa6c-991a-4fe3-ab5e-0faadfc2891c','https://twitter.com/','3cfb61bb-7cc3-4f0b-9851-5a50c9f1961f','5a32b1b3-9e91-4354-9bb9-ce2f7f84beb6'),
('5ce0cec9-0074-4b02-a65b-d1df752936e3','https://www.facebook.com/home.php','3cfb61bb-7cc3-4f0b-9851-5a50c9f1961f','f6e264e3-d1fd-49eb-b0b1-d032b648749f'),
('71bb620e-583e-4a07-b602-96e44216cf31','https://www.instagram.com/','3cfb61bb-7cc3-4f0b-9851-5a50c9f1961f','c85cdab6-d449-49eb-96e8-206854e86925'),
('430b1210-bd4d-4977-bf36-29881ef083c3','https://www.tiktok.com/','3cfb61bb-7cc3-4f0b-9851-5a50c9f1961f','56445d2a-c493-4e0a-9bdc-571b9960d54f'),
('bd2a8285-d75a-4076-afbb-5b9ef3f8fd98','https://www.youtube.com/','3cfb61bb-7cc3-4f0b-9851-5a50c9f1961f','16c3633d-0481-4be6-815d-0ee2d641339f'),
('b9c9be11-f9ab-4a14-84bc-bc6e25f8b11a','https://www.snapchat.com/','3cfb61bb-7cc3-4f0b-9851-5a50c9f1961f','49631bb2-bcd4-4de7-8c42-bdc8eda69170'),
('f6a902d2-2675-4417-a079-85e56a3e6660','https://twitter.com/','3d36aade-118e-4f42-8f63-d3b33d6ffac8','5a32b1b3-9e91-4354-9bb9-ce2f7f84beb6'),
('c687a492-c595-48ff-9594-03dce5e3e4e3','https://www.facebook.com/home.php','3d36aade-118e-4f42-8f63-d3b33d6ffac8','f6e264e3-d1fd-49eb-b0b1-d032b648749f'),
('dfed6807-b689-4998-9100-94c3fc5c8a11','https://www.instagram.com/','3d36aade-118e-4f42-8f63-d3b33d6ffac8','c85cdab6-d449-49eb-96e8-206854e86925'),
('3d947279-3dad-4177-98e2-69b0048a7982','https://www.tiktok.com/','3d36aade-118e-4f42-8f63-d3b33d6ffac8','56445d2a-c493-4e0a-9bdc-571b9960d54f'),
('a8204e88-4867-4226-8a23-ebe92953cfbd','https://www.youtube.com/','3d36aade-118e-4f42-8f63-d3b33d6ffac8','16c3633d-0481-4be6-815d-0ee2d641339f'),
('92b700f7-9d9e-4ca8-aad3-a40c582b1998','https://www.snapchat.com/','3d36aade-118e-4f42-8f63-d3b33d6ffac8','49631bb2-bcd4-4de7-8c42-bdc8eda69170'),
('ed07e267-cf55-4a49-af19-c56e0a41f987','https://twitter.com/','4329da4d-bb77-42e5-9dd1-7d47dd8c1dbb','5a32b1b3-9e91-4354-9bb9-ce2f7f84beb6'),
('ba5406e2-b480-432a-b091-1f173f53d66f','https://www.facebook.com/home.php','4329da4d-bb77-42e5-9dd1-7d47dd8c1dbb','f6e264e3-d1fd-49eb-b0b1-d032b648749f'),
('8ca9b5b0-23ba-4915-9376-30d4ad49bcae','https://www.instagram.com/','4329da4d-bb77-42e5-9dd1-7d47dd8c1dbb','c85cdab6-d449-49eb-96e8-206854e86925'),
('0b4f5268-2b26-4026-be3a-53012f53afe6','https://www.tiktok.com/','4329da4d-bb77-42e5-9dd1-7d47dd8c1dbb','56445d2a-c493-4e0a-9bdc-571b9960d54f'),
('ef1c197b-ec63-4a3e-9228-22a1ffdb4d41','https://www.youtube.com/','4329da4d-bb77-42e5-9dd1-7d47dd8c1dbb','16c3633d-0481-4be6-815d-0ee2d641339f'),
('467195da-4b0e-48ab-9560-1be1a49933c5','https://www.snapchat.com/','4329da4d-bb77-42e5-9dd1-7d47dd8c1dbb','49631bb2-bcd4-4de7-8c42-bdc8eda69170'),
('30e9a2b4-d0e7-4f5f-b064-5f57f912c5f2','https://twitter.com/','4ec09e8a-0d88-4169-b8ae-fd7e297e0c4b','5a32b1b3-9e91-4354-9bb9-ce2f7f84beb6'),
('6bd2f7e5-32b6-4cdb-a86c-a5ffa83b1fbd','https://www.facebook.com/home.php','4ec09e8a-0d88-4169-b8ae-fd7e297e0c4b','f6e264e3-d1fd-49eb-b0b1-d032b648749f'),
('31d76b9b-d1e5-4621-b217-db0e2809abf3','https://www.instagram.com/','4ec09e8a-0d88-4169-b8ae-fd7e297e0c4b','c85cdab6-d449-49eb-96e8-206854e86925'),
('3562b6e4-6bbe-4cd2-b780-6aa9566b6dcd','https://www.tiktok.com/','4ec09e8a-0d88-4169-b8ae-fd7e297e0c4b','56445d2a-c493-4e0a-9bdc-571b9960d54f'),
('0a67c178-3d6f-4b97-91cc-e16d73c9a460','https://www.youtube.com/','4ec09e8a-0d88-4169-b8ae-fd7e297e0c4b','16c3633d-0481-4be6-815d-0ee2d641339f'),
('5e297bcd-8eea-44a1-9fc9-e53dba91a4b4','https://www.snapchat.com/','4ec09e8a-0d88-4169-b8ae-fd7e297e0c4b','49631bb2-bcd4-4de7-8c42-bdc8eda69170'),
('f84c0b50-52b5-4203-a562-bc2060afce75','https://twitter.com/','5219e1ef-d8f5-4b64-a19e-f6304ba2c1da','5a32b1b3-9e91-4354-9bb9-ce2f7f84beb6'),
('f5bf4d43-3918-4537-919a-18e3b4b3e304','https://www.facebook.com/home.php','5219e1ef-d8f5-4b64-a19e-f6304ba2c1da','f6e264e3-d1fd-49eb-b0b1-d032b648749f'),
('57ee2497-de45-423f-97f8-508ea4f195a1','https://www.instagram.com/','5219e1ef-d8f5-4b64-a19e-f6304ba2c1da','c85cdab6-d449-49eb-96e8-206854e86925'),
('0ea3d23c-a1db-4e0f-b2b2-2d49042bd9a3','https://www.tiktok.com/','5219e1ef-d8f5-4b64-a19e-f6304ba2c1da','56445d2a-c493-4e0a-9bdc-571b9960d54f'),
('55793fc3-cc99-4e95-adc2-d5af6c73264e','https://www.youtube.com/','5219e1ef-d8f5-4b64-a19e-f6304ba2c1da','16c3633d-0481-4be6-815d-0ee2d641339f'),
('f7b03f8c-295d-4d7a-a867-1d8c12baec66','https://www.snapchat.com/','5219e1ef-d8f5-4b64-a19e-f6304ba2c1da','49631bb2-bcd4-4de7-8c42-bdc8eda69170'),
('81d23366-dd3d-46b2-ab28-db19f6a87941','https://twitter.com/','5bdcc9e5-48da-4c9b-827d-1b9e17c96b74','5a32b1b3-9e91-4354-9bb9-ce2f7f84beb6'),
('1650ef9e-2cee-49b3-ae33-24eab5bf147c','https://www.facebook.com/home.php','5bdcc9e5-48da-4c9b-827d-1b9e17c96b74','f6e264e3-d1fd-49eb-b0b1-d032b648749f'),
('c56b411a-116a-42c6-a209-0cdf71c722aa','https://www.instagram.com/','5bdcc9e5-48da-4c9b-827d-1b9e17c96b74','c85cdab6-d449-49eb-96e8-206854e86925'),
('4d79511e-4858-471f-90a3-c354a1bdfa70','https://www.tiktok.com/','5bdcc9e5-48da-4c9b-827d-1b9e17c96b74','56445d2a-c493-4e0a-9bdc-571b9960d54f'),
('1cc07374-8eb9-469e-814d-1f6d0b42c2e7','https://www.youtube.com/','5bdcc9e5-48da-4c9b-827d-1b9e17c96b74','16c3633d-0481-4be6-815d-0ee2d641339f'),
('ffaa6c97-a4fd-4ed6-8817-d4f009572cbe','https://www.snapchat.com/','5bdcc9e5-48da-4c9b-827d-1b9e17c96b74','49631bb2-bcd4-4de7-8c42-bdc8eda69170'),
('c614d02c-a5f7-41ee-950e-bf938480d707','https://twitter.com/','61c6e72a-5572-4462-86aa-bb8f95de4b50','5a32b1b3-9e91-4354-9bb9-ce2f7f84beb6'),
('4bc47781-c92a-4eb7-ae1f-ad182eeb4a05','https://www.facebook.com/home.php','61c6e72a-5572-4462-86aa-bb8f95de4b50','f6e264e3-d1fd-49eb-b0b1-d032b648749f'),
('1e4b3128-5e48-402b-ba81-4a782f80f232','https://www.instagram.com/','61c6e72a-5572-4462-86aa-bb8f95de4b50','c85cdab6-d449-49eb-96e8-206854e86925'),
('c678d13f-007c-48fc-8021-8d72a92a0163','https://www.tiktok.com/','61c6e72a-5572-4462-86aa-bb8f95de4b50','56445d2a-c493-4e0a-9bdc-571b9960d54f'),
('4bce4165-b125-4c7d-83a2-6fb4f14bdead','https://www.youtube.com/','61c6e72a-5572-4462-86aa-bb8f95de4b50','16c3633d-0481-4be6-815d-0ee2d641339f'),
('1915a941-5687-4502-95a4-fc179d9169db','https://www.snapchat.com/','61c6e72a-5572-4462-86aa-bb8f95de4b50','49631bb2-bcd4-4de7-8c42-bdc8eda69170'),
('fe9b0598-a565-4435-aa3f-bffcd769636a','https://twitter.com/','6b7bf3a1-cedb-4bbf-b5a6-855f5accd6bf','5a32b1b3-9e91-4354-9bb9-ce2f7f84beb6'),
('5b35cfe3-f6b3-4e4f-a24e-a23427338a66','https://www.facebook.com/home.php','6b7bf3a1-cedb-4bbf-b5a6-855f5accd6bf','f6e264e3-d1fd-49eb-b0b1-d032b648749f'),
('c781743c-b6f8-48a0-be7b-f3422f8c67b0','https://www.instagram.com/','6b7bf3a1-cedb-4bbf-b5a6-855f5accd6bf','c85cdab6-d449-49eb-96e8-206854e86925'),
('4f24eec7-65d7-4f88-b815-6a82f8edfc27','https://www.tiktok.com/','6b7bf3a1-cedb-4bbf-b5a6-855f5accd6bf','56445d2a-c493-4e0a-9bdc-571b9960d54f'),
('d9f5ef66-9432-483d-a6cf-6413a72fea7d','https://www.youtube.com/','6b7bf3a1-cedb-4bbf-b5a6-855f5accd6bf','16c3633d-0481-4be6-815d-0ee2d641339f'),
('a83f8b76-1ead-43c4-8893-7f64a0364f11','https://www.snapchat.com/','6b7bf3a1-cedb-4bbf-b5a6-855f5accd6bf','49631bb2-bcd4-4de7-8c42-bdc8eda69170'),
('7af67094-00d6-443c-af26-1203dc1bd78d','https://twitter.com/','6d7b6091-c37d-4d23-a3d1-5e12115ecb25','5a32b1b3-9e91-4354-9bb9-ce2f7f84beb6'),
('07300733-d30e-49bf-8959-52d53099e013','https://www.facebook.com/home.php','6d7b6091-c37d-4d23-a3d1-5e12115ecb25','f6e264e3-d1fd-49eb-b0b1-d032b648749f'),
('4a6f070a-f5c9-4ef9-9b88-d14648473a6c','https://www.instagram.com/','6d7b6091-c37d-4d23-a3d1-5e12115ecb25','c85cdab6-d449-49eb-96e8-206854e86925'),
('d73c7e99-c4c5-44cc-925e-a9ac480d7ff5','https://www.tiktok.com/','6d7b6091-c37d-4d23-a3d1-5e12115ecb25','56445d2a-c493-4e0a-9bdc-571b9960d54f'),
('24403cd5-6920-44a4-8ff9-db27e501862d','https://www.youtube.com/','6d7b6091-c37d-4d23-a3d1-5e12115ecb25','16c3633d-0481-4be6-815d-0ee2d641339f'),
('5737d12d-ab85-4abc-ac9c-0ca6e7e1464a','https://www.snapchat.com/','6d7b6091-c37d-4d23-a3d1-5e12115ecb25','49631bb2-bcd4-4de7-8c42-bdc8eda69170'),
('68db6f06-00c9-47b4-abe4-e1c4bc61455a','https://twitter.com/','7f2ee723-e896-4b8b-a0a9-28c2eb7b3d0c','5a32b1b3-9e91-4354-9bb9-ce2f7f84beb6'),
('dda01d91-290b-4be2-b69b-7935317473c9','https://www.facebook.com/home.php','7f2ee723-e896-4b8b-a0a9-28c2eb7b3d0c','f6e264e3-d1fd-49eb-b0b1-d032b648749f'),
('aa54a706-a088-494f-80ae-483e310f22ab','https://www.instagram.com/','7f2ee723-e896-4b8b-a0a9-28c2eb7b3d0c','c85cdab6-d449-49eb-96e8-206854e86925'),
('403d0469-70a6-4563-a678-7e1f58639fd8','https://www.tiktok.com/','7f2ee723-e896-4b8b-a0a9-28c2eb7b3d0c','56445d2a-c493-4e0a-9bdc-571b9960d54f'),
('490fc9bf-bc0d-47cb-9954-1eae56d944d0','https://www.youtube.com/','7f2ee723-e896-4b8b-a0a9-28c2eb7b3d0c','16c3633d-0481-4be6-815d-0ee2d641339f'),
('d451c3e0-d4a6-4ef5-81d3-f140e3da035a','https://www.snapchat.com/','7f2ee723-e896-4b8b-a0a9-28c2eb7b3d0c','49631bb2-bcd4-4de7-8c42-bdc8eda69170'),
('2035ea9b-d1cc-401a-bc15-48e141b459de','https://twitter.com/','817c363d-185b-4e1b-9c16-1705a5be1b65','5a32b1b3-9e91-4354-9bb9-ce2f7f84beb6'),
('01f45ad8-e0c5-4f29-b585-84efd1dc334f','https://www.facebook.com/home.php','817c363d-185b-4e1b-9c16-1705a5be1b65','f6e264e3-d1fd-49eb-b0b1-d032b648749f'),
('20f96c5e-7d86-420a-8545-d2613974c252','https://www.instagram.com/','817c363d-185b-4e1b-9c16-1705a5be1b65','c85cdab6-d449-49eb-96e8-206854e86925'),
('77aa7d07-5737-4023-a115-c54f91dd6e1c','https://www.tiktok.com/','817c363d-185b-4e1b-9c16-1705a5be1b65','56445d2a-c493-4e0a-9bdc-571b9960d54f'),
('4c194cd5-d954-4ac4-bba6-11eac2456933','https://www.youtube.com/','817c363d-185b-4e1b-9c16-1705a5be1b65','16c3633d-0481-4be6-815d-0ee2d641339f'),
('038a3d53-10c4-4487-a3d4-d26b041e879c','https://www.snapchat.com/','817c363d-185b-4e1b-9c16-1705a5be1b65','49631bb2-bcd4-4de7-8c42-bdc8eda69170'),
('462d3786-409c-4ca4-a885-bdc1ed317c00','https://twitter.com/','8716535a-c9d4-4b8f-a442-558a292f58d9','5a32b1b3-9e91-4354-9bb9-ce2f7f84beb6'),
('63c7c29d-18ff-4302-9b23-c7350a636c35','https://www.facebook.com/home.php','8716535a-c9d4-4b8f-a442-558a292f58d9','f6e264e3-d1fd-49eb-b0b1-d032b648749f'),
('52843c00-f62b-4d03-ab30-b24cb660620b','https://www.instagram.com/','8716535a-c9d4-4b8f-a442-558a292f58d9','c85cdab6-d449-49eb-96e8-206854e86925'),
('dda3af41-54f0-4f76-a484-9cf06e7d0f2d','https://www.tiktok.com/','8716535a-c9d4-4b8f-a442-558a292f58d9','56445d2a-c493-4e0a-9bdc-571b9960d54f'),
('c693566d-3a3f-4aa9-a5e7-b4bcedd2ae29','https://www.youtube.com/','8716535a-c9d4-4b8f-a442-558a292f58d9','16c3633d-0481-4be6-815d-0ee2d641339f'),
('448df945-a02f-4cbe-b8ff-91cf4a8b2fcb','https://www.snapchat.com/','8716535a-c9d4-4b8f-a442-558a292f58d9','49631bb2-bcd4-4de7-8c42-bdc8eda69170'),
('bee8b4da-c63d-4cb3-aab4-c478e9a5bf53','https://twitter.com/','89787aa0-22f4-4297-a2ef-72d1f88a1981','5a32b1b3-9e91-4354-9bb9-ce2f7f84beb6'),
('61b35302-62f6-48f0-b69e-7a6543fd8cdd','https://www.facebook.com/home.php','89787aa0-22f4-4297-a2ef-72d1f88a1981','f6e264e3-d1fd-49eb-b0b1-d032b648749f'),
('28cb8af8-1772-4822-a7a2-e82e2db9ec0b','https://www.instagram.com/','89787aa0-22f4-4297-a2ef-72d1f88a1981','c85cdab6-d449-49eb-96e8-206854e86925'),
('cfa65c47-8089-44d4-95b6-6a70cdfee871','https://www.tiktok.com/','89787aa0-22f4-4297-a2ef-72d1f88a1981','56445d2a-c493-4e0a-9bdc-571b9960d54f'),
('95f3ef71-daa6-4e59-8f41-83537d9064d9','https://www.youtube.com/','89787aa0-22f4-4297-a2ef-72d1f88a1981','16c3633d-0481-4be6-815d-0ee2d641339f'),
('e9bb465c-d4a5-4315-9de4-a5e49a339683','https://www.snapchat.com/','89787aa0-22f4-4297-a2ef-72d1f88a1981','49631bb2-bcd4-4de7-8c42-bdc8eda69170'),
('53f03235-aa17-46b1-9216-8452bdaa2c30','https://twitter.com/','8a042e2a-d350-4c59-8df9-964add785c0f','5a32b1b3-9e91-4354-9bb9-ce2f7f84beb6'),
('7297fda4-9431-455c-8a1a-5878db510dd6','https://www.facebook.com/home.php','8a042e2a-d350-4c59-8df9-964add785c0f','f6e264e3-d1fd-49eb-b0b1-d032b648749f'),
('02cc653e-ab31-4f82-bf50-5e34a3be6195','https://www.instagram.com/','8a042e2a-d350-4c59-8df9-964add785c0f','c85cdab6-d449-49eb-96e8-206854e86925'),
('60a4ed40-27d3-489c-a500-a086f307d9fe','https://www.tiktok.com/','8a042e2a-d350-4c59-8df9-964add785c0f','56445d2a-c493-4e0a-9bdc-571b9960d54f'),
('724dcb73-c374-4c31-bc50-339ac14398d0','https://www.youtube.com/','8a042e2a-d350-4c59-8df9-964add785c0f','16c3633d-0481-4be6-815d-0ee2d641339f'),
('e5c43c22-fc3c-42ca-b833-59858d689d82','https://www.snapchat.com/','8a042e2a-d350-4c59-8df9-964add785c0f','49631bb2-bcd4-4de7-8c42-bdc8eda69170'),
('fb6fe667-1202-4775-8f38-bfc053a82ef1','https://twitter.com/','951d0185-09d1-4d91-ae6b-19198b3d8b2f','5a32b1b3-9e91-4354-9bb9-ce2f7f84beb6'),
('97687d13-7b6a-4645-89be-8076c6c44576','https://www.facebook.com/home.php','951d0185-09d1-4d91-ae6b-19198b3d8b2f','f6e264e3-d1fd-49eb-b0b1-d032b648749f'),
('2446548b-0866-4131-a1f0-2f0e84f1d9a8','https://www.instagram.com/','951d0185-09d1-4d91-ae6b-19198b3d8b2f','c85cdab6-d449-49eb-96e8-206854e86925'),
('0b1e3222-b3cd-4678-8372-aae2de9e44ab','https://www.tiktok.com/','951d0185-09d1-4d91-ae6b-19198b3d8b2f','56445d2a-c493-4e0a-9bdc-571b9960d54f'),
('eec6bf4f-bed8-462c-a20c-535153da9cad','https://www.youtube.com/','951d0185-09d1-4d91-ae6b-19198b3d8b2f','16c3633d-0481-4be6-815d-0ee2d641339f'),
('48476096-1f98-4b21-934a-c63d87510ea9','https://www.snapchat.com/','951d0185-09d1-4d91-ae6b-19198b3d8b2f','49631bb2-bcd4-4de7-8c42-bdc8eda69170'),
('f3e1c16b-f0bb-4998-9477-f90286f96351','https://twitter.com/','9f45edbd-b6db-4ebd-ba8b-4bcfbfaa8e44','5a32b1b3-9e91-4354-9bb9-ce2f7f84beb6'),
('1a11ca26-8e65-4835-ba13-2e7503a17912','https://www.facebook.com/home.php','9f45edbd-b6db-4ebd-ba8b-4bcfbfaa8e44','f6e264e3-d1fd-49eb-b0b1-d032b648749f'),
('8ae9adca-7e89-4488-8174-6c5bae41506f','https://www.instagram.com/','9f45edbd-b6db-4ebd-ba8b-4bcfbfaa8e44','c85cdab6-d449-49eb-96e8-206854e86925'),
('f6187668-b830-4c0a-b4a7-122961d01e8c','https://www.tiktok.com/','9f45edbd-b6db-4ebd-ba8b-4bcfbfaa8e44','56445d2a-c493-4e0a-9bdc-571b9960d54f'),
('62d72d0b-cec9-43f1-a2cb-8a97ebb55e7a','https://www.youtube.com/','9f45edbd-b6db-4ebd-ba8b-4bcfbfaa8e44','16c3633d-0481-4be6-815d-0ee2d641339f'),
('d65a2ad5-1915-4b7a-ad62-19648d8fd90a','https://www.snapchat.com/','9f45edbd-b6db-4ebd-ba8b-4bcfbfaa8e44','49631bb2-bcd4-4de7-8c42-bdc8eda69170'),
('7b4e8518-027c-47d0-a6f8-a340cebbf615','https://twitter.com/','a2e29ad3-60c5-4ba5-a019-c5b59e7c424b','5a32b1b3-9e91-4354-9bb9-ce2f7f84beb6'),
('49130ff1-5dc0-4a28-8d87-755a63d97cbe','https://www.facebook.com/home.php','a2e29ad3-60c5-4ba5-a019-c5b59e7c424b','f6e264e3-d1fd-49eb-b0b1-d032b648749f'),
('1619b291-44e6-46cd-b88d-001f52565bd6','https://www.instagram.com/','a2e29ad3-60c5-4ba5-a019-c5b59e7c424b','c85cdab6-d449-49eb-96e8-206854e86925'),
('3f292673-a805-43ec-9658-1a23430aac75','https://www.tiktok.com/','a2e29ad3-60c5-4ba5-a019-c5b59e7c424b','56445d2a-c493-4e0a-9bdc-571b9960d54f'),
('ae865346-4627-4269-83b4-9f0669c0404e','https://www.youtube.com/','a2e29ad3-60c5-4ba5-a019-c5b59e7c424b','16c3633d-0481-4be6-815d-0ee2d641339f'),
('3a11c5a5-b738-4b71-a04f-dfd461e1db3f','https://www.snapchat.com/','a2e29ad3-60c5-4ba5-a019-c5b59e7c424b','49631bb2-bcd4-4de7-8c42-bdc8eda69170'),
('fcc7b6cb-a226-49e6-91f1-8b2246de55c6','https://twitter.com/','a4d8b183-cf7a-45f4-9d91-034a76b61ebc','5a32b1b3-9e91-4354-9bb9-ce2f7f84beb6'),
('a3d51c5c-3fa2-48b8-96ca-80deb5d93514','https://www.facebook.com/home.php','a4d8b183-cf7a-45f4-9d91-034a76b61ebc','f6e264e3-d1fd-49eb-b0b1-d032b648749f'),
('9bac9e28-f601-4d76-8467-785e9a43de41','https://www.instagram.com/','a4d8b183-cf7a-45f4-9d91-034a76b61ebc','c85cdab6-d449-49eb-96e8-206854e86925'),
('78605cdb-5fdd-4def-9ba3-155f829db810','https://www.tiktok.com/','a4d8b183-cf7a-45f4-9d91-034a76b61ebc','56445d2a-c493-4e0a-9bdc-571b9960d54f'),
('60e3a333-57f8-4594-a75a-59b88462b26b','https://www.youtube.com/','a4d8b183-cf7a-45f4-9d91-034a76b61ebc','16c3633d-0481-4be6-815d-0ee2d641339f'),
('b4964c38-921e-4817-9cf0-df16dd7c0308','https://www.snapchat.com/','a4d8b183-cf7a-45f4-9d91-034a76b61ebc','49631bb2-bcd4-4de7-8c42-bdc8eda69170'),
('9ace079c-a906-4a34-badf-5369bf7fd111','https://twitter.com/','a524b4f8-e690-4eb0-9bb6-0a61287ea28a','5a32b1b3-9e91-4354-9bb9-ce2f7f84beb6'),
('d013ef0f-0e40-42d0-a2d0-f5ddb9269656','https://www.facebook.com/home.php','a524b4f8-e690-4eb0-9bb6-0a61287ea28a','f6e264e3-d1fd-49eb-b0b1-d032b648749f'),
('06785a8a-8878-42e4-ab1f-ee8397b620cc','https://www.instagram.com/','a524b4f8-e690-4eb0-9bb6-0a61287ea28a','c85cdab6-d449-49eb-96e8-206854e86925'),
('2fa5cca3-4725-4bd1-922a-02b778e3235e','https://www.tiktok.com/','a524b4f8-e690-4eb0-9bb6-0a61287ea28a','56445d2a-c493-4e0a-9bdc-571b9960d54f'),
('4c6477ca-53eb-4123-bbbe-86e2e6e6de0d','https://www.youtube.com/','a524b4f8-e690-4eb0-9bb6-0a61287ea28a','16c3633d-0481-4be6-815d-0ee2d641339f'),
('0d6ea094-6031-4d98-bdaf-79dc3f46414e','https://www.snapchat.com/','a524b4f8-e690-4eb0-9bb6-0a61287ea28a','49631bb2-bcd4-4de7-8c42-bdc8eda69170'),
('dddf7ab3-f1f8-4a26-93cc-1b4295e4c39a','https://twitter.com/','acd16415-1b2f-4d90-ae1a-18c497687c62','5a32b1b3-9e91-4354-9bb9-ce2f7f84beb6'),
('fef40079-cd73-4ae9-b94e-be30b916bab2','https://www.facebook.com/home.php','acd16415-1b2f-4d90-ae1a-18c497687c62','f6e264e3-d1fd-49eb-b0b1-d032b648749f'),
('511be9fd-8613-453b-948d-99338b303890','https://www.instagram.com/','acd16415-1b2f-4d90-ae1a-18c497687c62','c85cdab6-d449-49eb-96e8-206854e86925'),
('f2baa863-1275-4ce5-bbb9-3b689c2c206a','https://www.tiktok.com/','acd16415-1b2f-4d90-ae1a-18c497687c62','56445d2a-c493-4e0a-9bdc-571b9960d54f'),
('396c0779-a176-4a63-a4cc-7c9f21aeecbf','https://www.youtube.com/','acd16415-1b2f-4d90-ae1a-18c497687c62','16c3633d-0481-4be6-815d-0ee2d641339f'),
('6323a44a-8c25-4573-987a-80db0f9450d4','https://www.snapchat.com/','acd16415-1b2f-4d90-ae1a-18c497687c62','49631bb2-bcd4-4de7-8c42-bdc8eda69170'),
('ce1a48b1-ee54-4e99-89a2-269e555fffce','https://twitter.com/','b6c3d9c0-bc6c-4a0f-bc2c-5e1bea20b95d','5a32b1b3-9e91-4354-9bb9-ce2f7f84beb6'),
('da000b1e-180f-44e2-a6f1-4be0389ee990','https://www.facebook.com/home.php','b6c3d9c0-bc6c-4a0f-bc2c-5e1bea20b95d','f6e264e3-d1fd-49eb-b0b1-d032b648749f'),
('9f12db1a-a8cb-46db-90bc-c4a5da822999','https://www.instagram.com/','b6c3d9c0-bc6c-4a0f-bc2c-5e1bea20b95d','c85cdab6-d449-49eb-96e8-206854e86925'),
('e6d09704-c0c0-4b92-9b04-6070e73f5369','https://www.tiktok.com/','b6c3d9c0-bc6c-4a0f-bc2c-5e1bea20b95d','56445d2a-c493-4e0a-9bdc-571b9960d54f'),
('a45a76e4-1cd9-4531-abf4-d13c4f34b253','https://www.youtube.com/','b6c3d9c0-bc6c-4a0f-bc2c-5e1bea20b95d','16c3633d-0481-4be6-815d-0ee2d641339f'),
('f28678f0-4792-47bc-ad6e-f257dc5317a9','https://www.snapchat.com/','b6c3d9c0-bc6c-4a0f-bc2c-5e1bea20b95d','49631bb2-bcd4-4de7-8c42-bdc8eda69170'),
('9387350b-7937-4021-857c-ad6b7a31d9ef','https://twitter.com/','bb9979bb-735a-43a1-852d-1b3520069981','5a32b1b3-9e91-4354-9bb9-ce2f7f84beb6'),
('b4134ec2-5809-43a1-a4e5-39feedf8ad02','https://www.facebook.com/home.php','bb9979bb-735a-43a1-852d-1b3520069981','f6e264e3-d1fd-49eb-b0b1-d032b648749f'),
('fb263abb-0cd0-44ed-a797-12166a3c058a','https://www.instagram.com/','bb9979bb-735a-43a1-852d-1b3520069981','c85cdab6-d449-49eb-96e8-206854e86925'),
('76c44fd9-52fe-4db8-9866-e5d9741488fc','https://www.tiktok.com/','bb9979bb-735a-43a1-852d-1b3520069981','56445d2a-c493-4e0a-9bdc-571b9960d54f'),
('93ba595a-844b-4b43-b408-2ee9e9c5fa8f','https://www.youtube.com/','bb9979bb-735a-43a1-852d-1b3520069981','16c3633d-0481-4be6-815d-0ee2d641339f'),
('1d0421be-318c-4ace-a6f6-8d59ccf42bdf','https://www.snapchat.com/','bb9979bb-735a-43a1-852d-1b3520069981','49631bb2-bcd4-4de7-8c42-bdc8eda69170'),
('4f2b4b92-f67e-47e1-99ae-c5a9d4ed584a','https://twitter.com/','bd757ae2-5a77-48a0-9f58-77f54c284c0c','5a32b1b3-9e91-4354-9bb9-ce2f7f84beb6'),
('7ce3aa5a-11d3-405b-b62b-4581e5f1fb6d','https://www.facebook.com/home.php','bd757ae2-5a77-48a0-9f58-77f54c284c0c','f6e264e3-d1fd-49eb-b0b1-d032b648749f'),
('ef207d52-53f9-4610-a50e-45f4f634ef4d','https://www.instagram.com/','bd757ae2-5a77-48a0-9f58-77f54c284c0c','c85cdab6-d449-49eb-96e8-206854e86925'),
('bb5415bd-4b02-4aaa-a2fa-54f6e187660f','https://www.tiktok.com/','bd757ae2-5a77-48a0-9f58-77f54c284c0c','56445d2a-c493-4e0a-9bdc-571b9960d54f'),
('7d6d8d27-5c7c-425e-91b2-a8cb4783e1bd','https://www.youtube.com/','bd757ae2-5a77-48a0-9f58-77f54c284c0c','16c3633d-0481-4be6-815d-0ee2d641339f'),
('b257035b-2187-4351-9a9c-4b6ef405ca90','https://www.snapchat.com/','bd757ae2-5a77-48a0-9f58-77f54c284c0c','49631bb2-bcd4-4de7-8c42-bdc8eda69170'),
('74473c22-0798-44f8-8eb1-5c5df499482a','https://twitter.com/','c26da0d8-9d8c-48df-8f5a-c19be5c4ff7d','5a32b1b3-9e91-4354-9bb9-ce2f7f84beb6'),
('d58b7ae0-2fca-4573-bd87-51ce32d1f63c','https://www.facebook.com/home.php','c26da0d8-9d8c-48df-8f5a-c19be5c4ff7d','f6e264e3-d1fd-49eb-b0b1-d032b648749f'),
('c80896a0-4962-48c8-85e2-3d1cfd3fc436','https://www.instagram.com/','c26da0d8-9d8c-48df-8f5a-c19be5c4ff7d','c85cdab6-d449-49eb-96e8-206854e86925'),
('176290ae-1222-4267-8b67-ac3763576ff4','https://www.tiktok.com/','c26da0d8-9d8c-48df-8f5a-c19be5c4ff7d','56445d2a-c493-4e0a-9bdc-571b9960d54f'),
('62e9d23a-e8ef-45d7-836d-9b4aef961dfc','https://www.youtube.com/','c26da0d8-9d8c-48df-8f5a-c19be5c4ff7d','16c3633d-0481-4be6-815d-0ee2d641339f'),
('17e691eb-a770-497d-9c68-944b04344753','https://www.snapchat.com/','c26da0d8-9d8c-48df-8f5a-c19be5c4ff7d','49631bb2-bcd4-4de7-8c42-bdc8eda69170'),
('7538e4f6-8a6e-43a7-a77d-3ab1edd45a3c','https://twitter.com/','cd09453b-b44c-4d18-bb0f-2f7dfb684883','5a32b1b3-9e91-4354-9bb9-ce2f7f84beb6'),
('67f66995-6642-4fa8-ad1f-22fe394d11bc','https://www.facebook.com/home.php','cd09453b-b44c-4d18-bb0f-2f7dfb684883','f6e264e3-d1fd-49eb-b0b1-d032b648749f'),
('907b52c1-b52e-4602-9208-e4ba0fdd4c9f','https://www.instagram.com/','cd09453b-b44c-4d18-bb0f-2f7dfb684883','c85cdab6-d449-49eb-96e8-206854e86925'),
('92283add-9569-43d2-82ed-95a297570bd5','https://www.tiktok.com/','cd09453b-b44c-4d18-bb0f-2f7dfb684883','56445d2a-c493-4e0a-9bdc-571b9960d54f'),
('ad1d6fcd-99b9-467c-a856-ad009453a8fb','https://www.youtube.com/','cd09453b-b44c-4d18-bb0f-2f7dfb684883','16c3633d-0481-4be6-815d-0ee2d641339f'),
('bd23c229-57ce-4cbd-b319-6e74fc0a9593','https://www.snapchat.com/','cd09453b-b44c-4d18-bb0f-2f7dfb684883','49631bb2-bcd4-4de7-8c42-bdc8eda69170'),
('7817493a-1d8e-4cbb-bca4-5ad012e7a338','https://twitter.com/','cd57177b-0a6b-4eac-89d1-37d4b3f8c6fc','5a32b1b3-9e91-4354-9bb9-ce2f7f84beb6'),
('240d4605-9e08-4305-b8a8-3ec8f5723403','https://www.facebook.com/home.php','cd57177b-0a6b-4eac-89d1-37d4b3f8c6fc','f6e264e3-d1fd-49eb-b0b1-d032b648749f'),
('4c127ece-8eb5-4aa8-a588-ef3e853f2270','https://www.instagram.com/','cd57177b-0a6b-4eac-89d1-37d4b3f8c6fc','c85cdab6-d449-49eb-96e8-206854e86925'),
('d99dfb57-2b83-4198-9747-5914eab25e41','https://www.tiktok.com/','cd57177b-0a6b-4eac-89d1-37d4b3f8c6fc','56445d2a-c493-4e0a-9bdc-571b9960d54f'),
('b0af15cc-a135-479f-a0ce-c2b14e4f8637','https://www.youtube.com/','cd57177b-0a6b-4eac-89d1-37d4b3f8c6fc','16c3633d-0481-4be6-815d-0ee2d641339f'),
('65b78885-b415-40f3-9255-6b65a132eea6','https://www.snapchat.com/','cd57177b-0a6b-4eac-89d1-37d4b3f8c6fc','49631bb2-bcd4-4de7-8c42-bdc8eda69170'),
('9b922a83-3981-44b6-83ed-e6774bd5f217','https://twitter.com/','d5e1b72d-7b6f-4679-947b-9a57b42d4d0e','5a32b1b3-9e91-4354-9bb9-ce2f7f84beb6'),
('7bb97c2c-a405-4b2e-b11a-0a9ccb3962c2','https://www.facebook.com/home.php','d5e1b72d-7b6f-4679-947b-9a57b42d4d0e','f6e264e3-d1fd-49eb-b0b1-d032b648749f'),
('dbe93248-3925-4373-84c8-fb8db0d7a77b','https://www.instagram.com/','d5e1b72d-7b6f-4679-947b-9a57b42d4d0e','c85cdab6-d449-49eb-96e8-206854e86925'),
('0af1f5e6-e360-4bc0-bd6f-6007730fd2ad','https://www.tiktok.com/','d5e1b72d-7b6f-4679-947b-9a57b42d4d0e','56445d2a-c493-4e0a-9bdc-571b9960d54f'),
('a109e559-1007-458c-a39e-1e731a1668aa','https://www.youtube.com/','d5e1b72d-7b6f-4679-947b-9a57b42d4d0e','16c3633d-0481-4be6-815d-0ee2d641339f'),
('4f8a808a-e5d7-431c-8167-6ad159c43e9e','https://www.snapchat.com/','d5e1b72d-7b6f-4679-947b-9a57b42d4d0e','49631bb2-bcd4-4de7-8c42-bdc8eda69170'),
('9840280a-0d16-491e-83db-142e3a0fae6b','https://twitter.com/','d7642494-3b5c-4e76-8df9-fab44a6925d5','5a32b1b3-9e91-4354-9bb9-ce2f7f84beb6'),
('30649f2d-39c6-4497-b613-73e7488968c8','https://www.facebook.com/home.php','d7642494-3b5c-4e76-8df9-fab44a6925d5','f6e264e3-d1fd-49eb-b0b1-d032b648749f'),
('a4a01a5b-303e-4bdb-9724-9221055eff0f','https://www.instagram.com/','d7642494-3b5c-4e76-8df9-fab44a6925d5','c85cdab6-d449-49eb-96e8-206854e86925'),
('a0b6791b-8e55-4188-a936-4963a8a6c8cc','https://www.tiktok.com/','d7642494-3b5c-4e76-8df9-fab44a6925d5','56445d2a-c493-4e0a-9bdc-571b9960d54f'),
('65ec6dd0-5817-46b3-b62a-87d24676d489','https://www.youtube.com/','d7642494-3b5c-4e76-8df9-fab44a6925d5','16c3633d-0481-4be6-815d-0ee2d641339f'),
('78ac02e9-c043-4ac5-8dff-e8694cc88870','https://www.snapchat.com/','d7642494-3b5c-4e76-8df9-fab44a6925d5','49631bb2-bcd4-4de7-8c42-bdc8eda69170'),
('d3b17b65-6866-4705-a1b2-3f6bb21f440a','https://twitter.com/','d9c15d0b-564f-4759-8c99-6d82f2e8e0e2','5a32b1b3-9e91-4354-9bb9-ce2f7f84beb6'),
('b44efa48-4566-4693-ab24-0d0bacf253ec','https://www.facebook.com/home.php','d9c15d0b-564f-4759-8c99-6d82f2e8e0e2','f6e264e3-d1fd-49eb-b0b1-d032b648749f'),
('36077f88-ff8f-4467-a988-1b7ac943bb7f','https://www.instagram.com/','d9c15d0b-564f-4759-8c99-6d82f2e8e0e2','c85cdab6-d449-49eb-96e8-206854e86925'),
('b74a125b-b24d-4ac7-875d-d86bd084af69','https://www.tiktok.com/','d9c15d0b-564f-4759-8c99-6d82f2e8e0e2','56445d2a-c493-4e0a-9bdc-571b9960d54f'),
('702d57e3-61c2-4fdf-ad44-9f3b29524cf3','https://www.youtube.com/','d9c15d0b-564f-4759-8c99-6d82f2e8e0e2','16c3633d-0481-4be6-815d-0ee2d641339f'),
('80e7500d-9657-4a3f-afcc-a8ca5c4d3ca6','https://www.snapchat.com/','d9c15d0b-564f-4759-8c99-6d82f2e8e0e2','49631bb2-bcd4-4de7-8c42-bdc8eda69170'),
('232d6e24-f3a3-457b-a589-94a3feb8c864','https://twitter.com/','df3498f4-3fe6-4bb4-bf04-bb5d7102d5df','5a32b1b3-9e91-4354-9bb9-ce2f7f84beb6'),
('77b8594b-5536-4b3c-bd10-01413934fb21','https://www.facebook.com/home.php','df3498f4-3fe6-4bb4-bf04-bb5d7102d5df','f6e264e3-d1fd-49eb-b0b1-d032b648749f'),
('3b0cf05c-6ea8-49cf-b698-6e33b0b9f58b','https://www.instagram.com/','df3498f4-3fe6-4bb4-bf04-bb5d7102d5df','c85cdab6-d449-49eb-96e8-206854e86925'),
('f60de706-663a-4e87-8b8c-91f41ddd6e24','https://www.tiktok.com/','df3498f4-3fe6-4bb4-bf04-bb5d7102d5df','56445d2a-c493-4e0a-9bdc-571b9960d54f'),
('34f8c643-cdb6-4777-aba4-e3757a082aa3','https://www.youtube.com/','df3498f4-3fe6-4bb4-bf04-bb5d7102d5df','16c3633d-0481-4be6-815d-0ee2d641339f'),
('62a1be99-3ef2-497f-b6ff-c06baccf0f82','https://www.snapchat.com/','df3498f4-3fe6-4bb4-bf04-bb5d7102d5df','49631bb2-bcd4-4de7-8c42-bdc8eda69170'),
('5451a8d2-9b7a-429f-b628-1794808d6dbe','https://twitter.com/','e1282c4a-48c2-4ea5-93e4-3f49a998b3d4','5a32b1b3-9e91-4354-9bb9-ce2f7f84beb6'),
('c9b0bb4a-8c10-48c3-90f3-0f416ad4b876','https://www.facebook.com/home.php','e1282c4a-48c2-4ea5-93e4-3f49a998b3d4','f6e264e3-d1fd-49eb-b0b1-d032b648749f'),
('f1b0b5ae-70bf-4f24-b2bc-7339c4c80589','https://www.instagram.com/','e1282c4a-48c2-4ea5-93e4-3f49a998b3d4','c85cdab6-d449-49eb-96e8-206854e86925'),
('9af60c60-c74c-47de-8b7c-6dbc9f7df789','https://www.tiktok.com/','e1282c4a-48c2-4ea5-93e4-3f49a998b3d4','56445d2a-c493-4e0a-9bdc-571b9960d54f'),
('1ceda661-775f-4316-86ea-1b5b86828ac9','https://www.youtube.com/','e1282c4a-48c2-4ea5-93e4-3f49a998b3d4','16c3633d-0481-4be6-815d-0ee2d641339f'),
('ebce9351-8623-4111-a6ab-eca7aecc60cc','https://www.snapchat.com/','e1282c4a-48c2-4ea5-93e4-3f49a998b3d4','49631bb2-bcd4-4de7-8c42-bdc8eda69170'),
('fe2f4465-22aa-40b1-abb2-cec069ccf37f','https://twitter.com/','e17178ea-b08b-4e22-8042-9c4f590a83e8','5a32b1b3-9e91-4354-9bb9-ce2f7f84beb6'),
('a5c414c7-4c5e-4687-b3e4-f30efa8ac8fe','https://www.facebook.com/home.php','e17178ea-b08b-4e22-8042-9c4f590a83e8','f6e264e3-d1fd-49eb-b0b1-d032b648749f'),
('470b5d9f-9de4-4fbe-b01c-517b928474f8','https://www.instagram.com/','e17178ea-b08b-4e22-8042-9c4f590a83e8','c85cdab6-d449-49eb-96e8-206854e86925'),
('318dd368-58c4-4faa-af45-cbba7ffe0011','https://www.tiktok.com/','e17178ea-b08b-4e22-8042-9c4f590a83e8','56445d2a-c493-4e0a-9bdc-571b9960d54f'),
('a832d974-955f-428c-b8fa-274585e959d6','https://www.youtube.com/','e17178ea-b08b-4e22-8042-9c4f590a83e8','16c3633d-0481-4be6-815d-0ee2d641339f'),
('f4f6359c-ffa8-49f4-8279-b156ca3331b8','https://www.snapchat.com/','e17178ea-b08b-4e22-8042-9c4f590a83e8','49631bb2-bcd4-4de7-8c42-bdc8eda69170'),
('8caf1cd5-ce62-4124-a1e0-c883989335b0','https://twitter.com/','eccb4874-199d-45c4-9d89-318470877f7a','5a32b1b3-9e91-4354-9bb9-ce2f7f84beb6'),
('a8891abc-0575-40a2-b949-6794882fb444','https://www.facebook.com/home.php','eccb4874-199d-45c4-9d89-318470877f7a','f6e264e3-d1fd-49eb-b0b1-d032b648749f'),
('e644625f-7e75-46d0-accf-78a9ae95d52a','https://www.instagram.com/','eccb4874-199d-45c4-9d89-318470877f7a','c85cdab6-d449-49eb-96e8-206854e86925'),
('917abd1c-fbce-4eb1-896f-02b97a499d57','https://www.tiktok.com/','eccb4874-199d-45c4-9d89-318470877f7a','56445d2a-c493-4e0a-9bdc-571b9960d54f'),
('f1a1cb1c-072d-40a0-bcf3-5ce4bf20a9f8','https://www.youtube.com/','eccb4874-199d-45c4-9d89-318470877f7a','16c3633d-0481-4be6-815d-0ee2d641339f'),
('c9b3969f-9a18-4706-b67c-2f71ee2b0bbe','https://www.snapchat.com/','eccb4874-199d-45c4-9d89-318470877f7a','49631bb2-bcd4-4de7-8c42-bdc8eda69170'),
('a1079d46-27f8-49bf-b1fd-81d712313823','https://twitter.com/','eda4ed07-06db-4da4-bfa6-3b8f8b601d9a','5a32b1b3-9e91-4354-9bb9-ce2f7f84beb6'),
('3bb76e93-9cb2-4113-b05b-6e0e7e13c180','https://www.facebook.com/home.php','eda4ed07-06db-4da4-bfa6-3b8f8b601d9a','f6e264e3-d1fd-49eb-b0b1-d032b648749f'),
('7eb5b65d-fd31-4781-8b2d-66e92dac3001','https://www.instagram.com/','eda4ed07-06db-4da4-bfa6-3b8f8b601d9a','c85cdab6-d449-49eb-96e8-206854e86925'),
('61700f77-04ff-4c83-88ea-b442310637db','https://www.tiktok.com/','eda4ed07-06db-4da4-bfa6-3b8f8b601d9a','56445d2a-c493-4e0a-9bdc-571b9960d54f'),
('9a96facf-f10d-4564-8fb1-a5c0e9fab82e','https://www.youtube.com/','eda4ed07-06db-4da4-bfa6-3b8f8b601d9a','16c3633d-0481-4be6-815d-0ee2d641339f'),
('4fc9f206-0ae5-433c-b989-a7d1ddacba1a','https://www.snapchat.com/','eda4ed07-06db-4da4-bfa6-3b8f8b601d9a','49631bb2-bcd4-4de7-8c42-bdc8eda69170'),
('ea18f208-be47-4097-a047-b57eeae0a253','https://twitter.com/','f0a82e48-29e9-4fb0-9244-fc2a4c9d22e6','5a32b1b3-9e91-4354-9bb9-ce2f7f84beb6'),
('cb81a945-4e6f-44e3-be03-5174f0dfba19','https://www.facebook.com/home.php','f0a82e48-29e9-4fb0-9244-fc2a4c9d22e6','f6e264e3-d1fd-49eb-b0b1-d032b648749f'),
('dbd7c080-4955-452e-bca6-bc12158de2b8','https://www.instagram.com/','f0a82e48-29e9-4fb0-9244-fc2a4c9d22e6','c85cdab6-d449-49eb-96e8-206854e86925'),
('96ad4f6c-5b82-4899-b45b-2a94a6f97110','https://www.tiktok.com/','f0a82e48-29e9-4fb0-9244-fc2a4c9d22e6','56445d2a-c493-4e0a-9bdc-571b9960d54f'),
('b07446de-ba0e-4bd5-b2b2-6f1e691bc3bf','https://www.youtube.com/','f0a82e48-29e9-4fb0-9244-fc2a4c9d22e6','16c3633d-0481-4be6-815d-0ee2d641339f'),
('7ed8f76e-1ce6-4600-a167-ed6bd2d91b3a','https://www.snapchat.com/','f0a82e48-29e9-4fb0-9244-fc2a4c9d22e6','49631bb2-bcd4-4de7-8c42-bdc8eda69170'),
('6df530d9-ccb1-4f22-84e0-efccc2cbdeae','https://twitter.com/','f4e5b1f1-5f21-4c94-85bf-f0e5122aa68d','5a32b1b3-9e91-4354-9bb9-ce2f7f84beb6'),
('a316ec8f-b3f5-4578-9b33-e2b5343a638d','https://www.facebook.com/home.php','f4e5b1f1-5f21-4c94-85bf-f0e5122aa68d','f6e264e3-d1fd-49eb-b0b1-d032b648749f'),
('43c0caf9-be45-4be2-9335-f265ce70cec4','https://www.instagram.com/','f4e5b1f1-5f21-4c94-85bf-f0e5122aa68d','c85cdab6-d449-49eb-96e8-206854e86925'),
('ecd106ec-7c1e-481a-85eb-e0e762226fda','https://www.tiktok.com/','f4e5b1f1-5f21-4c94-85bf-f0e5122aa68d','56445d2a-c493-4e0a-9bdc-571b9960d54f'),
('89c49f5b-4b1b-400d-ab37-bd9051a70755','https://www.youtube.com/','f4e5b1f1-5f21-4c94-85bf-f0e5122aa68d','16c3633d-0481-4be6-815d-0ee2d641339f'),
('fd846b6b-795d-4a30-a8e6-8ffd558745ab','https://www.snapchat.com/','f4e5b1f1-5f21-4c94-85bf-f0e5122aa68d','49631bb2-bcd4-4de7-8c42-bdc8eda69170'),
('671c9df3-9960-46be-bfe1-496476484410','https://twitter.com/','f5f36db9-90e9-4a5e-af77-0489a1398e1a','5a32b1b3-9e91-4354-9bb9-ce2f7f84beb6'),
('548da88c-25dd-4bc5-9719-aa1bfc4e2542','https://www.facebook.com/home.php','f5f36db9-90e9-4a5e-af77-0489a1398e1a','f6e264e3-d1fd-49eb-b0b1-d032b648749f'),
('a05b27a7-9f15-4a0b-aebd-5855138e07a5','https://www.instagram.com/','f5f36db9-90e9-4a5e-af77-0489a1398e1a','c85cdab6-d449-49eb-96e8-206854e86925'),
('c1f1bb4f-e74c-451c-b8f8-d1e14a13a057','https://www.tiktok.com/','f5f36db9-90e9-4a5e-af77-0489a1398e1a','56445d2a-c493-4e0a-9bdc-571b9960d54f'),
('6a5d0c52-ae83-4da8-bee2-2e52aae140c4','https://www.youtube.com/','f5f36db9-90e9-4a5e-af77-0489a1398e1a','16c3633d-0481-4be6-815d-0ee2d641339f'),
('0a92e677-fa71-4ad4-bd9f-fadf2b08f9da','https://www.snapchat.com/','f5f36db9-90e9-4a5e-af77-0489a1398e1a','49631bb2-bcd4-4de7-8c42-bdc8eda69170'),
('3fbfd3db-250f-42a3-8109-b6bf032e8fe0','https://twitter.com/','f77951a8-9379-43df-b1db-9a640c3c7b59','5a32b1b3-9e91-4354-9bb9-ce2f7f84beb6'),
('f0e677e9-850b-4a1e-a7a6-deea2628ee5d','https://www.facebook.com/home.php','f77951a8-9379-43df-b1db-9a640c3c7b59','f6e264e3-d1fd-49eb-b0b1-d032b648749f'),
('d9aaa5c8-8a32-4445-bde8-c437af90b7ae','https://www.instagram.com/','f77951a8-9379-43df-b1db-9a640c3c7b59','c85cdab6-d449-49eb-96e8-206854e86925'),
('9046e2eb-b453-4ebf-9a9e-c71a402a73a8','https://www.tiktok.com/','f77951a8-9379-43df-b1db-9a640c3c7b59','56445d2a-c493-4e0a-9bdc-571b9960d54f'),
('c047cd7f-2dab-45dc-823e-ed6e08abdbb9','https://www.youtube.com/','f77951a8-9379-43df-b1db-9a640c3c7b59','16c3633d-0481-4be6-815d-0ee2d641339f'),
('473e4534-5fe8-45ea-a111-2eee9c210648','https://www.snapchat.com/','f77951a8-9379-43df-b1db-9a640c3c7b59','49631bb2-bcd4-4de7-8c42-bdc8eda69170'),
('abc79b83-16a2-439b-8cf2-a689579432e8','https://twitter.com/','f8e29a3f-95f4-47c3-b029-3be918a80eaf','5a32b1b3-9e91-4354-9bb9-ce2f7f84beb6'),
('0c0942f0-a7fa-494c-8991-c047c8874544','https://www.facebook.com/home.php','f8e29a3f-95f4-47c3-b029-3be918a80eaf','f6e264e3-d1fd-49eb-b0b1-d032b648749f'),
('78b0ead4-7f9e-4af7-afad-107af224699d','https://www.instagram.com/','f8e29a3f-95f4-47c3-b029-3be918a80eaf','c85cdab6-d449-49eb-96e8-206854e86925'),
('932c7264-f4bf-46d9-8c7b-54dbf633e2f9','https://www.tiktok.com/','f8e29a3f-95f4-47c3-b029-3be918a80eaf','56445d2a-c493-4e0a-9bdc-571b9960d54f'),
('f0dd2ec6-bb04-4046-bf14-7fc3ea817f08','https://www.youtube.com/','f8e29a3f-95f4-47c3-b029-3be918a80eaf','16c3633d-0481-4be6-815d-0ee2d641339f'),
('599b84a7-cb82-40ff-9fe2-f0030a2fda92','https://www.snapchat.com/','f8e29a3f-95f4-47c3-b029-3be918a80eaf','49631bb2-bcd4-4de7-8c42-bdc8eda69170');

--critics social
INSERT INTO social_user(id, url, entity_id, social_id) VALUES
('db4512d2-1b96-4450-bdfb-d4ee16a1ccd4','https://twitter.com/','14b65b63-0fc3-4a8a-bd5b-6ea3266c6ab9','5a32b1b3-9e91-4354-9bb9-ce2f7f84beb6'),
('56f0f9de-7290-417b-8e72-5e2bb3cff3f6','https://www.facebook.com/home.php','14b65b63-0fc3-4a8a-bd5b-6ea3266c6ab9','f6e264e3-d1fd-49eb-b0b1-d032b648749f'),
('f00cd04e-d38b-46cd-8594-fff1363fc008','https://www.instagram.com/','14b65b63-0fc3-4a8a-bd5b-6ea3266c6ab9','c85cdab6-d449-49eb-96e8-206854e86925'),
('fecf28ae-212b-44af-b43c-7c8d5413d358','https://www.tiktok.com/','14b65b63-0fc3-4a8a-bd5b-6ea3266c6ab9','56445d2a-c493-4e0a-9bdc-571b9960d54f'),
('c316671b-b5fb-4872-9b1d-4f3575d34d56','https://www.youtube.com/','14b65b63-0fc3-4a8a-bd5b-6ea3266c6ab9','16c3633d-0481-4be6-815d-0ee2d641339f'),
('374858b8-e880-422c-bfd7-204a2606fc42','https://www.snapchat.com/','14b65b63-0fc3-4a8a-bd5b-6ea3266c6ab9','49631bb2-bcd4-4de7-8c42-bdc8eda69170'),
('088fd417-bafe-4e66-ab4b-c318873829c2','https://twitter.com/','2ae12264-977d-419d-aa19-ce9658041fe4','5a32b1b3-9e91-4354-9bb9-ce2f7f84beb6'),
('7938c50f-3a1a-4dde-b219-cc6c9be1ec2c','https://www.facebook.com/home.php','2ae12264-977d-419d-aa19-ce9658041fe4','f6e264e3-d1fd-49eb-b0b1-d032b648749f'),
('427f3826-8a53-4082-8ac1-9ec2ee702c40','https://www.instagram.com/','2ae12264-977d-419d-aa19-ce9658041fe4','c85cdab6-d449-49eb-96e8-206854e86925'),
('f8592ccf-01e5-4b00-9ce7-01a60d474fad','https://www.tiktok.com/','2ae12264-977d-419d-aa19-ce9658041fe4','56445d2a-c493-4e0a-9bdc-571b9960d54f'),
('4cc20f29-dbf0-4229-b75f-34f009a0845c','https://www.youtube.com/','2ae12264-977d-419d-aa19-ce9658041fe4','16c3633d-0481-4be6-815d-0ee2d641339f'),
('3ac4f504-9615-4e2c-b617-44bfb6520cdc','https://www.snapchat.com/','2ae12264-977d-419d-aa19-ce9658041fe4','49631bb2-bcd4-4de7-8c42-bdc8eda69170'),
('f63f54c7-fa15-4a3d-a17b-06783303c2ed','https://twitter.com/','3b8f6e8f-b050-4c12-87d2-9f2c0a1b6e1a','5a32b1b3-9e91-4354-9bb9-ce2f7f84beb6'),
('8727087e-e3f1-4813-86d9-d190402cdc20','https://www.facebook.com/home.php','3b8f6e8f-b050-4c12-87d2-9f2c0a1b6e1a','f6e264e3-d1fd-49eb-b0b1-d032b648749f'),
('bb575070-f7d6-4123-8616-2f284a8d7b48','https://www.instagram.com/','3b8f6e8f-b050-4c12-87d2-9f2c0a1b6e1a','c85cdab6-d449-49eb-96e8-206854e86925'),
('66d89d58-272a-4458-aa85-e0d43039ca96','https://www.tiktok.com/','3b8f6e8f-b050-4c12-87d2-9f2c0a1b6e1a','56445d2a-c493-4e0a-9bdc-571b9960d54f'),
('7868aeed-9ec5-49a4-a6bb-5ed1600dd749','https://www.youtube.com/','3b8f6e8f-b050-4c12-87d2-9f2c0a1b6e1a','16c3633d-0481-4be6-815d-0ee2d641339f'),
('10d916a8-0b03-4139-bea7-f98666b8afae','https://www.snapchat.com/','3b8f6e8f-b050-4c12-87d2-9f2c0a1b6e1a','49631bb2-bcd4-4de7-8c42-bdc8eda69170'),
('9188d273-f27a-4f64-ba0d-f102fcdeab77','https://twitter.com/','4fbcdb2e-0c16-4bf1-9ce6-1c7e187b243c','5a32b1b3-9e91-4354-9bb9-ce2f7f84beb6'),
('fc3f97a4-f2aa-461f-8a93-121c3c8c4b32','https://www.facebook.com/home.php','4fbcdb2e-0c16-4bf1-9ce6-1c7e187b243c','f6e264e3-d1fd-49eb-b0b1-d032b648749f'),
('4966ee9e-c828-4081-a65d-e47f37eaeb93','https://www.instagram.com/','4fbcdb2e-0c16-4bf1-9ce6-1c7e187b243c','c85cdab6-d449-49eb-96e8-206854e86925'),
('ac400518-90ee-41c3-aee3-472d0a5a0578','https://www.tiktok.com/','4fbcdb2e-0c16-4bf1-9ce6-1c7e187b243c','56445d2a-c493-4e0a-9bdc-571b9960d54f'),
('adb93224-5bf2-45d2-b6df-a411e80b8369','https://www.youtube.com/','4fbcdb2e-0c16-4bf1-9ce6-1c7e187b243c','16c3633d-0481-4be6-815d-0ee2d641339f'),
('9b1656f3-f353-4f94-bb05-00c78581905b','https://www.snapchat.com/','4fbcdb2e-0c16-4bf1-9ce6-1c7e187b243c','49631bb2-bcd4-4de7-8c42-bdc8eda69170'),
('a957bfa1-0e59-4695-b88d-df7bb4dd8098','https://twitter.com/','6aabb9df-1e9c-4e0d-8487-f3d83606e98d','5a32b1b3-9e91-4354-9bb9-ce2f7f84beb6'),
('0e1e5e22-e312-4bc4-af3c-129213fe7976','https://www.facebook.com/home.php','6aabb9df-1e9c-4e0d-8487-f3d83606e98d','f6e264e3-d1fd-49eb-b0b1-d032b648749f'),
('a21c7419-28fc-436f-a3cd-5e06a33614e4','https://www.instagram.com/','6aabb9df-1e9c-4e0d-8487-f3d83606e98d','c85cdab6-d449-49eb-96e8-206854e86925'),
('9e912e8f-1a7f-40a0-b972-f880eb0aac8d','https://www.tiktok.com/','6aabb9df-1e9c-4e0d-8487-f3d83606e98d','56445d2a-c493-4e0a-9bdc-571b9960d54f'),
('5900cb2e-7cc9-4f02-8497-e606efdc4f56','https://www.youtube.com/','6aabb9df-1e9c-4e0d-8487-f3d83606e98d','16c3633d-0481-4be6-815d-0ee2d641339f'),
('834933be-9cfd-4351-835f-f48553e963a5','https://www.snapchat.com/','6aabb9df-1e9c-4e0d-8487-f3d83606e98d','49631bb2-bcd4-4de7-8c42-bdc8eda69170'),
('0beb6a11-8c7c-4f16-97f3-a85c6c43d330','https://twitter.com/','6f95b5af-4d6f-448c-8f3d-ca54521f4653','5a32b1b3-9e91-4354-9bb9-ce2f7f84beb6'),
('df4e1ced-d2f9-44fd-9ebf-4708bf0c65e8','https://www.facebook.com/home.php','6f95b5af-4d6f-448c-8f3d-ca54521f4653','f6e264e3-d1fd-49eb-b0b1-d032b648749f'),
('3a0f04e2-cdac-48e4-9072-2fca32d39a28','https://www.instagram.com/','6f95b5af-4d6f-448c-8f3d-ca54521f4653','c85cdab6-d449-49eb-96e8-206854e86925'),
('b4aa36e1-9d7e-4115-b7e5-874b525f1e48','https://www.tiktok.com/','6f95b5af-4d6f-448c-8f3d-ca54521f4653','56445d2a-c493-4e0a-9bdc-571b9960d54f'),
('b249495c-a331-457e-bd4f-b61b956102d0','https://www.youtube.com/','6f95b5af-4d6f-448c-8f3d-ca54521f4653','16c3633d-0481-4be6-815d-0ee2d641339f'),
('ff9e5c24-92ae-4169-8af5-4c5bbfd25570','https://www.snapchat.com/','6f95b5af-4d6f-448c-8f3d-ca54521f4653','49631bb2-bcd4-4de7-8c42-bdc8eda69170'),
('0af669a4-4177-4a06-8eed-f6000a22ec50','https://twitter.com/','79b9e1ef-bdf4-4d0d-8e52-5d268e3e146e','5a32b1b3-9e91-4354-9bb9-ce2f7f84beb6'),
('82757c07-ed12-42f6-9661-8ad6c72fa2c5','https://www.facebook.com/home.php','79b9e1ef-bdf4-4d0d-8e52-5d268e3e146e','f6e264e3-d1fd-49eb-b0b1-d032b648749f'),
('423b45a0-7275-405c-8138-842f9641c7c8','https://www.instagram.com/','79b9e1ef-bdf4-4d0d-8e52-5d268e3e146e','c85cdab6-d449-49eb-96e8-206854e86925'),
('be8ee8d2-4d84-4989-b7d4-5045d8f0bd59','https://www.tiktok.com/','79b9e1ef-bdf4-4d0d-8e52-5d268e3e146e','56445d2a-c493-4e0a-9bdc-571b9960d54f'),
('9e524424-6ba1-464c-a982-f122ca28530a','https://www.youtube.com/','79b9e1ef-bdf4-4d0d-8e52-5d268e3e146e','16c3633d-0481-4be6-815d-0ee2d641339f'),
('b644257e-2289-41e6-a498-fff7159c1b5e','https://www.snapchat.com/','79b9e1ef-bdf4-4d0d-8e52-5d268e3e146e','49631bb2-bcd4-4de7-8c42-bdc8eda69170'),
('7e281c26-8534-4046-adb2-2b1c9bcabf66','https://twitter.com/','7c21d6ae-93d3-48e1-8bf8-098cb9c5b19f','5a32b1b3-9e91-4354-9bb9-ce2f7f84beb6'),
('bb4a5b98-978a-4c48-a31c-70c84a48332d','https://www.facebook.com/home.php','7c21d6ae-93d3-48e1-8bf8-098cb9c5b19f','f6e264e3-d1fd-49eb-b0b1-d032b648749f'),
('36ae33f3-d2fd-466b-8466-4517e69bb182','https://www.instagram.com/','7c21d6ae-93d3-48e1-8bf8-098cb9c5b19f','c85cdab6-d449-49eb-96e8-206854e86925'),
('e21fd45c-663b-49d7-9f05-4847beec7faf','https://www.tiktok.com/','7c21d6ae-93d3-48e1-8bf8-098cb9c5b19f','56445d2a-c493-4e0a-9bdc-571b9960d54f'),
('e5552472-a8a9-4506-8785-05ba25df60ea','https://www.youtube.com/','7c21d6ae-93d3-48e1-8bf8-098cb9c5b19f','16c3633d-0481-4be6-815d-0ee2d641339f'),
('c329d6a0-f870-4887-8ec3-fb1c31c52230','https://www.snapchat.com/','7c21d6ae-93d3-48e1-8bf8-098cb9c5b19f','49631bb2-bcd4-4de7-8c42-bdc8eda69170'),
('164ca873-c734-4b55-a7b3-2ec761f7335c','https://twitter.com/','7d8e1e7d-6d8d-4aa9-a184-2150d07651c2','5a32b1b3-9e91-4354-9bb9-ce2f7f84beb6'),
('bdf9b251-9c10-469d-8e4a-a37d84de6f7e','https://www.facebook.com/home.php','7d8e1e7d-6d8d-4aa9-a184-2150d07651c2','f6e264e3-d1fd-49eb-b0b1-d032b648749f'),
('6009ceab-60b3-45a0-9bf9-3fcf18da6604','https://www.instagram.com/','7d8e1e7d-6d8d-4aa9-a184-2150d07651c2','c85cdab6-d449-49eb-96e8-206854e86925'),
('f564dd21-84d7-4477-95a3-a6f4b89dd6cf','https://www.tiktok.com/','7d8e1e7d-6d8d-4aa9-a184-2150d07651c2','56445d2a-c493-4e0a-9bdc-571b9960d54f'),
('0c27d877-162d-47f2-89ca-5b46e10d7b1e','https://www.youtube.com/','7d8e1e7d-6d8d-4aa9-a184-2150d07651c2','16c3633d-0481-4be6-815d-0ee2d641339f'),
('b7b76c82-deee-450b-9542-5716b3ab4eb9','https://www.snapchat.com/','7d8e1e7d-6d8d-4aa9-a184-2150d07651c2','49631bb2-bcd4-4de7-8c42-bdc8eda69170'),
('76e47320-8899-47ec-832a-38c39093883f','https://twitter.com/','9c050564-5db7-48a8-b470-d9eb54457c56','5a32b1b3-9e91-4354-9bb9-ce2f7f84beb6'),
('4b5fb848-bd82-4c87-8901-1b335ca1c9f0','https://www.facebook.com/home.php','9c050564-5db7-48a8-b470-d9eb54457c56','f6e264e3-d1fd-49eb-b0b1-d032b648749f'),
('0ec8791f-95b6-44a4-a363-68f8bbac617a','https://www.instagram.com/','9c050564-5db7-48a8-b470-d9eb54457c56','c85cdab6-d449-49eb-96e8-206854e86925'),
('632b2fee-8436-4061-92d1-8756d1c72d77','https://www.tiktok.com/','9c050564-5db7-48a8-b470-d9eb54457c56','56445d2a-c493-4e0a-9bdc-571b9960d54f'),
('d5e8a730-10b3-4b9c-9ecd-9456b3f6a0a8','https://www.youtube.com/','9c050564-5db7-48a8-b470-d9eb54457c56','16c3633d-0481-4be6-815d-0ee2d641339f'),
('0038f25e-cac2-4866-859f-abdef83d2c4f','https://www.snapchat.com/','9c050564-5db7-48a8-b470-d9eb54457c56','49631bb2-bcd4-4de7-8c42-bdc8eda69170'),
('61b1ec46-8227-4e40-bf63-75682edd3222','https://twitter.com/','9f394216-965c-4df5-b647-813f876a2384','5a32b1b3-9e91-4354-9bb9-ce2f7f84beb6'),
('85d393e9-e880-4b05-9063-b9c713dc843a','https://www.facebook.com/home.php','9f394216-965c-4df5-b647-813f876a2384','f6e264e3-d1fd-49eb-b0b1-d032b648749f'),
('bc95353c-a224-4b1b-a7f0-28bc016cd3a2','https://www.instagram.com/','9f394216-965c-4df5-b647-813f876a2384','c85cdab6-d449-49eb-96e8-206854e86925'),
('8779f4b2-086c-4662-be17-8b48ffcba4d4','https://www.tiktok.com/','9f394216-965c-4df5-b647-813f876a2384','56445d2a-c493-4e0a-9bdc-571b9960d54f'),
('af182a09-704b-4b34-bc21-20abc853d5d7','https://www.youtube.com/','9f394216-965c-4df5-b647-813f876a2384','16c3633d-0481-4be6-815d-0ee2d641339f'),
('529e5465-c725-41c4-9bdf-5ee9a3383a86','https://www.snapchat.com/','9f394216-965c-4df5-b647-813f876a2384','49631bb2-bcd4-4de7-8c42-bdc8eda69170'),
('d265961c-1876-4452-8895-a9efbcbb2abb','https://twitter.com/','a1cd5239-cb3b-4fe5-8f5b-4d350383aafc','5a32b1b3-9e91-4354-9bb9-ce2f7f84beb6'),
('8b39ec0f-c3dc-4f66-b343-7a89bbb0f55c','https://www.facebook.com/home.php','a1cd5239-cb3b-4fe5-8f5b-4d350383aafc','f6e264e3-d1fd-49eb-b0b1-d032b648749f'),
('b82b7d88-9468-44f3-80e4-e0a873137200','https://www.instagram.com/','a1cd5239-cb3b-4fe5-8f5b-4d350383aafc','c85cdab6-d449-49eb-96e8-206854e86925'),
('5ea595e6-436d-455d-b23a-3c3b2e6bb8c9','https://www.tiktok.com/','a1cd5239-cb3b-4fe5-8f5b-4d350383aafc','56445d2a-c493-4e0a-9bdc-571b9960d54f'),
('8e3d9ce7-ae2a-4fef-88c2-e36fd75c873a','https://www.youtube.com/','a1cd5239-cb3b-4fe5-8f5b-4d350383aafc','16c3633d-0481-4be6-815d-0ee2d641339f'),
('7945f344-d9b5-4c62-b7f9-b75b45525f1a','https://www.snapchat.com/','a1cd5239-cb3b-4fe5-8f5b-4d350383aafc','49631bb2-bcd4-4de7-8c42-bdc8eda69170'),
('73b24f03-9df9-4422-950d-c5c1d11f79bd','https://twitter.com/','a3f1c214-fa72-4329-9c16-7085f22b6d6a','5a32b1b3-9e91-4354-9bb9-ce2f7f84beb6'),
('50704f9d-7e3d-4bed-a73a-aa790bb71789','https://www.facebook.com/home.php','a3f1c214-fa72-4329-9c16-7085f22b6d6a','f6e264e3-d1fd-49eb-b0b1-d032b648749f'),
('cff397a1-16d8-49d3-97a5-ae7c00325c02','https://www.instagram.com/','a3f1c214-fa72-4329-9c16-7085f22b6d6a','c85cdab6-d449-49eb-96e8-206854e86925'),
('cd592b7d-d3da-4375-8976-4cff68bc157e','https://www.tiktok.com/','a3f1c214-fa72-4329-9c16-7085f22b6d6a','56445d2a-c493-4e0a-9bdc-571b9960d54f'),
('95b575e8-64bd-47f4-8a92-d3200157ae60','https://www.youtube.com/','a3f1c214-fa72-4329-9c16-7085f22b6d6a','16c3633d-0481-4be6-815d-0ee2d641339f'),
('e521371b-1ad7-4cca-979f-a1b341896105','https://www.snapchat.com/','a3f1c214-fa72-4329-9c16-7085f22b6d6a','49631bb2-bcd4-4de7-8c42-bdc8eda69170'),
('4ae7cdde-fb1d-45bb-8812-b9039998ac19','https://twitter.com/','a9719a04-65d6-4fe5-8bf2-1d1e0d45e2bb','5a32b1b3-9e91-4354-9bb9-ce2f7f84beb6'),
('3994d1ad-1de4-414a-999d-2f4e57f1cdd0','https://www.facebook.com/home.php','a9719a04-65d6-4fe5-8bf2-1d1e0d45e2bb','f6e264e3-d1fd-49eb-b0b1-d032b648749f'),
('750f8950-3942-499f-9a00-8e84a5baf20d','https://www.instagram.com/','a9719a04-65d6-4fe5-8bf2-1d1e0d45e2bb','c85cdab6-d449-49eb-96e8-206854e86925'),
('4936ad33-76af-4458-94ad-457dba6b12a3','https://www.tiktok.com/','a9719a04-65d6-4fe5-8bf2-1d1e0d45e2bb','56445d2a-c493-4e0a-9bdc-571b9960d54f'),
('8abcf5c2-cdf2-47dc-bbdf-cafa67019b6d','https://www.youtube.com/','a9719a04-65d6-4fe5-8bf2-1d1e0d45e2bb','16c3633d-0481-4be6-815d-0ee2d641339f'),
('f0ac5323-e1be-4ff8-8ca8-4e72fb23cc4e','https://www.snapchat.com/','a9719a04-65d6-4fe5-8bf2-1d1e0d45e2bb','49631bb2-bcd4-4de7-8c42-bdc8eda69170'),
('93423981-cca2-485f-a499-c9d8595ecc75','https://twitter.com/','ba907991-64f3-4bc0-8d0a-82566d7fc1e1','5a32b1b3-9e91-4354-9bb9-ce2f7f84beb6'),
('fc64fcdb-140e-4d13-8eab-525e7b987b1c','https://www.facebook.com/home.php','ba907991-64f3-4bc0-8d0a-82566d7fc1e1','f6e264e3-d1fd-49eb-b0b1-d032b648749f'),
('2115e52e-0e81-4e6f-8acc-25e7a83d4ac7','https://www.instagram.com/','ba907991-64f3-4bc0-8d0a-82566d7fc1e1','c85cdab6-d449-49eb-96e8-206854e86925'),
('edc43f54-abb0-4203-8b9c-4a9043cc0641','https://www.tiktok.com/','ba907991-64f3-4bc0-8d0a-82566d7fc1e1','56445d2a-c493-4e0a-9bdc-571b9960d54f'),
('c27dd685-ed9e-4226-92da-9702de36bee2','https://www.youtube.com/','ba907991-64f3-4bc0-8d0a-82566d7fc1e1','16c3633d-0481-4be6-815d-0ee2d641339f'),
('1c1a5d49-5239-4d96-a5e3-963ea3aa1f6d','https://www.snapchat.com/','ba907991-64f3-4bc0-8d0a-82566d7fc1e1','49631bb2-bcd4-4de7-8c42-bdc8eda69170'),
('1bf4239e-db80-45f8-afc4-da9795142626','https://twitter.com/','bcf80176-c8b2-4857-81fb-609c0e7d429b','5a32b1b3-9e91-4354-9bb9-ce2f7f84beb6'),
('2b759384-1f76-4d4f-b414-8b094407964e','https://www.facebook.com/home.php','bcf80176-c8b2-4857-81fb-609c0e7d429b','f6e264e3-d1fd-49eb-b0b1-d032b648749f'),
('ea733a64-af19-45ef-bbfd-7280a78b1f3d','https://www.instagram.com/','bcf80176-c8b2-4857-81fb-609c0e7d429b','c85cdab6-d449-49eb-96e8-206854e86925'),
('6423c069-fc7c-47e3-8f58-e1fc53691640','https://www.tiktok.com/','bcf80176-c8b2-4857-81fb-609c0e7d429b','56445d2a-c493-4e0a-9bdc-571b9960d54f'),
('02d2f6f3-f5c0-4b98-82cb-e2434d1dc665','https://www.youtube.com/','bcf80176-c8b2-4857-81fb-609c0e7d429b','16c3633d-0481-4be6-815d-0ee2d641339f'),
('05400602-b510-4b8d-beaa-bf9724aefb3b','https://www.snapchat.com/','bcf80176-c8b2-4857-81fb-609c0e7d429b','49631bb2-bcd4-4de7-8c42-bdc8eda69170'),
('07109b57-7f42-427f-bd7b-fcec58a8a543','https://twitter.com/','bd9f84a0-25e8-4df3-bff8-950a2290ba94','5a32b1b3-9e91-4354-9bb9-ce2f7f84beb6'),
('6af62326-66fa-4f51-8f70-5f3764000f59','https://www.facebook.com/home.php','bd9f84a0-25e8-4df3-bff8-950a2290ba94','f6e264e3-d1fd-49eb-b0b1-d032b648749f'),
('7483ed75-933c-42cb-b9c8-5f9aec34eef3','https://www.instagram.com/','bd9f84a0-25e8-4df3-bff8-950a2290ba94','c85cdab6-d449-49eb-96e8-206854e86925'),
('e14b3ed9-bdeb-4b0c-b640-3b331423b3ec','https://www.tiktok.com/','bd9f84a0-25e8-4df3-bff8-950a2290ba94','56445d2a-c493-4e0a-9bdc-571b9960d54f'),
('7d0eb242-9440-400f-b0af-a185c99ca1fe','https://www.youtube.com/','bd9f84a0-25e8-4df3-bff8-950a2290ba94','16c3633d-0481-4be6-815d-0ee2d641339f'),
('11bce917-a848-4018-8823-2a47211160b6','https://www.snapchat.com/','bd9f84a0-25e8-4df3-bff8-950a2290ba94','49631bb2-bcd4-4de7-8c42-bdc8eda69170'),
('a53620b0-e4c2-4050-b410-ecf8e23a5c0d','https://twitter.com/','c0f80a26-e3a8-4ac4-82b7-75ce7a21b1aa','5a32b1b3-9e91-4354-9bb9-ce2f7f84beb6'),
('f890b966-4e10-467e-aef5-b4a1116fa0ce','https://www.facebook.com/home.php','c0f80a26-e3a8-4ac4-82b7-75ce7a21b1aa','f6e264e3-d1fd-49eb-b0b1-d032b648749f'),
('ae53b152-f7da-43a7-92ab-1bd389de9bdd','https://www.instagram.com/','c0f80a26-e3a8-4ac4-82b7-75ce7a21b1aa','c85cdab6-d449-49eb-96e8-206854e86925'),
('21fa45dc-962c-4c1b-ba67-6ea654ddcc8f','https://www.tiktok.com/','c0f80a26-e3a8-4ac4-82b7-75ce7a21b1aa','56445d2a-c493-4e0a-9bdc-571b9960d54f'),
('5aab385a-be7d-443d-92d3-acdc3ec78399','https://www.youtube.com/','c0f80a26-e3a8-4ac4-82b7-75ce7a21b1aa','16c3633d-0481-4be6-815d-0ee2d641339f'),
('06bf8afc-5f4f-400e-8bad-bb62449e4eb8','https://www.snapchat.com/','c0f80a26-e3a8-4ac4-82b7-75ce7a21b1aa','49631bb2-bcd4-4de7-8c42-bdc8eda69170'),
('3063f838-b91a-4b32-947b-6f192f22ed6b','https://twitter.com/','e2e8120d-3527-4d4a-8f3c-4ae620977ee1','5a32b1b3-9e91-4354-9bb9-ce2f7f84beb6'),
('a9ef6084-1913-42e1-b4c4-53edbcff421d','https://www.facebook.com/home.php','e2e8120d-3527-4d4a-8f3c-4ae620977ee1','f6e264e3-d1fd-49eb-b0b1-d032b648749f'),
('819e5f0b-c933-4372-80ad-bd4bc6d5dfa9','https://www.instagram.com/','e2e8120d-3527-4d4a-8f3c-4ae620977ee1','c85cdab6-d449-49eb-96e8-206854e86925'),
('a5053238-b28a-422f-8af3-c05701166147','https://www.tiktok.com/','e2e8120d-3527-4d4a-8f3c-4ae620977ee1','56445d2a-c493-4e0a-9bdc-571b9960d54f'),
('3f91cd77-6c39-4a1b-a279-9595559f7f9f','https://www.youtube.com/','e2e8120d-3527-4d4a-8f3c-4ae620977ee1','16c3633d-0481-4be6-815d-0ee2d641339f'),
('a5311378-af97-41f4-b81c-9e88d58bb352','https://www.snapchat.com/','e2e8120d-3527-4d4a-8f3c-4ae620977ee1','49631bb2-bcd4-4de7-8c42-bdc8eda69170'),
('c48485a4-ed28-49ae-ab42-313b5335f7f5','https://twitter.com/','e6e49dbb-19bf-4e98-bd6c-d032e32d03c5','5a32b1b3-9e91-4354-9bb9-ce2f7f84beb6'),
('7b5728fe-2c19-4311-bcd0-913259ef719c','https://www.facebook.com/home.php','e6e49dbb-19bf-4e98-bd6c-d032e32d03c5','f6e264e3-d1fd-49eb-b0b1-d032b648749f'),
('5dfa385b-80a1-4c19-a786-d6427fda8a19','https://www.instagram.com/','e6e49dbb-19bf-4e98-bd6c-d032e32d03c5','c85cdab6-d449-49eb-96e8-206854e86925'),
('c28468ca-5f71-4229-be3e-590a0c5a433b','https://www.tiktok.com/','e6e49dbb-19bf-4e98-bd6c-d032e32d03c5','56445d2a-c493-4e0a-9bdc-571b9960d54f'),
('1cf5cfd3-6fd3-4471-974d-c7679a39f900','https://www.youtube.com/','e6e49dbb-19bf-4e98-bd6c-d032e32d03c5','16c3633d-0481-4be6-815d-0ee2d641339f'),
('1458d38d-e0b6-4857-bf83-0cf1a8950432','https://www.snapchat.com/','e6e49dbb-19bf-4e98-bd6c-d032e32d03c5','49631bb2-bcd4-4de7-8c42-bdc8eda69170'),
('4c188890-f8d5-41d7-a7b6-d063d0a3911c','https://twitter.com/','f23f64e9-dfa1-4ae9-94b0-21e8f3c9d9bf','5a32b1b3-9e91-4354-9bb9-ce2f7f84beb6'),
('383bfd44-d1b9-4b80-b1a6-8bc45c90644f','https://www.facebook.com/home.php','f23f64e9-dfa1-4ae9-94b0-21e8f3c9d9bf','f6e264e3-d1fd-49eb-b0b1-d032b648749f'),
('305ffe27-4032-4603-b45c-63431b108454','https://www.instagram.com/','f23f64e9-dfa1-4ae9-94b0-21e8f3c9d9bf','c85cdab6-d449-49eb-96e8-206854e86925'),
('f402a095-9e5e-4f07-ab14-31275dc52785','https://www.tiktok.com/','f23f64e9-dfa1-4ae9-94b0-21e8f3c9d9bf','56445d2a-c493-4e0a-9bdc-571b9960d54f'),
('468a3c1b-f195-4290-aea9-07383590aff2','https://www.youtube.com/','f23f64e9-dfa1-4ae9-94b0-21e8f3c9d9bf','16c3633d-0481-4be6-815d-0ee2d641339f'),
('dc98e2fd-5a76-46db-ab8d-d18a5e0521e2','https://www.snapchat.com/','f23f64e9-dfa1-4ae9-94b0-21e8f3c9d9bf','49631bb2-bcd4-4de7-8c42-bdc8eda69170'),
('99f9164a-1712-4b4f-b61a-4c2eac392ed2','https://twitter.com/','f2a3a5f7-2f09-4ab1-9e74-bb524f4dcb0c','5a32b1b3-9e91-4354-9bb9-ce2f7f84beb6'),
('fa5015e4-e7c0-48a7-8bb2-0c946f54e034','https://www.facebook.com/home.php','f2a3a5f7-2f09-4ab1-9e74-bb524f4dcb0c','f6e264e3-d1fd-49eb-b0b1-d032b648749f'),
('b8e06dbb-3332-4971-bdd6-7666970a7fe8','https://www.instagram.com/','f2a3a5f7-2f09-4ab1-9e74-bb524f4dcb0c','c85cdab6-d449-49eb-96e8-206854e86925'),
('6365af7a-61b1-469a-8b8e-bc1e21143f7b','https://www.tiktok.com/','f2a3a5f7-2f09-4ab1-9e74-bb524f4dcb0c','56445d2a-c493-4e0a-9bdc-571b9960d54f'),
('466c76e5-f622-4de3-9611-560731ca6dc4','https://www.youtube.com/','f2a3a5f7-2f09-4ab1-9e74-bb524f4dcb0c','16c3633d-0481-4be6-815d-0ee2d641339f'),
('2d57fbbd-47b1-4ab3-9750-4c90fd5d2f0e','https://www.snapchat.com/','f2a3a5f7-2f09-4ab1-9e74-bb524f4dcb0c','49631bb2-bcd4-4de7-8c42-bdc8eda69170');

set foreign_key_checks=1;